[
  {
    "model": "contenttypes.contenttype",
    "pk": 1,
    "fields": {
      "app_label": "auth",
      "model": "permission"
    }
  },
  {
    "model": "contenttypes.contenttype",
    "pk": 2,
    "fields": {
      "app_label": "auth",
      "model": "group"
    }
  },
  {
    "model": "contenttypes.contenttype",
    "pk": 3,
    "fields": {
      "app_label": "contenttypes",
      "model": "contenttype"
    }
  },
  {
    "model": "contenttypes.contenttype",
    "pk": 4,
    "fields": {
      "app_label": "sessions",
      "model": "session"
    }
  },
  {
    "model": "contenttypes.contenttype",
    "pk": 5,
    "fields": {
      "app_label": "sites",
      "model": "site"
    }
  },
  {
    "model": "contenttypes.contenttype",
    "pk": 6,
    "fields": {
      "app_label": "admin",
      "model": "logentry"
    }
  },
  {
    "model": "contenttypes.contenttype",
    "pk": 7,
    "fields": {
      "app_label": "account",
      "model": "emailaddress"
    }
  },
  {
    "model": "contenttypes.contenttype",
    "pk": 8,
    "fields": {
      "app_label": "account",
      "model": "emailconfirmation"
    }
  },
  {
    "model": "contenttypes.contenttype",
    "pk": 9,
    "fields": {
      "app_label": "socialaccount",
      "model": "socialaccount"
    }
  },
  {
    "model": "contenttypes.contenttype",
    "pk": 10,
    "fields": {
      "app_label": "socialaccount",
      "model": "socialapp"
    }
  },
  {
    "model": "contenttypes.contenttype",
    "pk": 11,
    "fields": {
      "app_label": "socialaccount",
      "model": "socialtoken"
    }
  },
  {
    "model": "contenttypes.contenttype",
    "pk": 12,
    "fields": {
      "app_label": "django_celery_beat",
      "model": "crontabschedule"
    }
  },
  {
    "model": "contenttypes.contenttype",
    "pk": 13,
    "fields": {
      "app_label": "django_celery_beat",
      "model": "intervalschedule"
    }
  },
  {
    "model": "contenttypes.contenttype",
    "pk": 14,
    "fields": {
      "app_label": "django_celery_beat",
      "model": "periodictask"
    }
  },
  {
    "model": "contenttypes.contenttype",
    "pk": 15,
    "fields": {
      "app_label": "django_celery_beat",
      "model": "periodictasks"
    }
  },
  {
    "model": "contenttypes.contenttype",
    "pk": 16,
    "fields": {
      "app_label": "django_celery_beat",
      "model": "solarschedule"
    }
  },
  {
    "model": "contenttypes.contenttype",
    "pk": 17,
    "fields": {
      "app_label": "django_celery_beat",
      "model": "clockedschedule"
    }
  },
  {
    "model": "contenttypes.contenttype",
    "pk": 18,
    "fields": {
      "app_label": "django_summernote",
      "model": "attachment"
    }
  },
  {
    "model": "contenttypes.contenttype",
    "pk": 19,
    "fields": {
      "app_label": "schedule",
      "model": "calendar"
    }
  },
  {
    "model": "contenttypes.contenttype",
    "pk": 20,
    "fields": {
      "app_label": "schedule",
      "model": "calendarrelation"
    }
  },
  {
    "model": "contenttypes.contenttype",
    "pk": 21,
    "fields": {
      "app_label": "schedule",
      "model": "event"
    }
  },
  {
    "model": "contenttypes.contenttype",
    "pk": 22,
    "fields": {
      "app_label": "schedule",
      "model": "eventrelation"
    }
  },
  {
    "model": "contenttypes.contenttype",
    "pk": 23,
    "fields": {
      "app_label": "schedule",
      "model": "occurrence"
    }
  },
  {
    "model": "contenttypes.contenttype",
    "pk": 24,
    "fields": {
      "app_label": "schedule",
      "model": "rule"
    }
  },
  {
    "model": "contenttypes.contenttype",
    "pk": 25,
    "fields": {
      "app_label": "users",
      "model": "user"
    }
  },
  {
    "model": "contenttypes.contenttype",
    "pk": 26,
    "fields": {
      "app_label": "whereabouts",
      "model": "organization"
    }
  },
  {
    "model": "contenttypes.contenttype",
    "pk": 27,
    "fields": {
      "app_label": "whereabouts",
      "model": "division"
    }
  },
  {
    "model": "contenttypes.contenttype",
    "pk": 28,
    "fields": {
      "app_label": "whereabouts",
      "model": "address"
    }
  },
  {
    "model": "contenttypes.contenttype",
    "pk": 29,
    "fields": {
      "app_label": "whereabouts",
      "model": "campus"
    }
  },
  {
    "model": "contenttypes.contenttype",
    "pk": 30,
    "fields": {
      "app_label": "whereabouts",
      "model": "property"
    }
  },
  {
    "model": "contenttypes.contenttype",
    "pk": 31,
    "fields": {
      "app_label": "whereabouts",
      "model": "suite"
    }
  },
  {
    "model": "contenttypes.contenttype",
    "pk": 32,
    "fields": {
      "app_label": "whereabouts",
      "model": "room"
    }
  },
  {
    "model": "contenttypes.contenttype",
    "pk": 33,
    "fields": {
      "app_label": "persons",
      "model": "note"
    }
  },
  {
    "model": "contenttypes.contenttype",
    "pk": 34,
    "fields": {
      "app_label": "persons",
      "model": "attendee"
    }
  },
  {
    "model": "contenttypes.contenttype",
    "pk": 35,
    "fields": {
      "app_label": "persons",
      "model": "relationship"
    }
  },
  {
    "model": "contenttypes.contenttype",
    "pk": 36,
    "fields": {
      "app_label": "persons",
      "model": "registration"
    }
  },
  {
    "model": "contenttypes.contenttype",
    "pk": 37,
    "fields": {
      "app_label": "persons",
      "model": "attending"
    }
  },
  {
    "model": "contenttypes.contenttype",
    "pk": 38,
    "fields": {
      "app_label": "persons",
      "model": "attendingdivision"
    }
  },
  {
    "model": "contenttypes.contenttype",
    "pk": 39,
    "fields": {
      "app_label": "persons",
      "model": "attendeeaddress"
    }
  },
  {
    "model": "contenttypes.contenttype",
    "pk": 40,
    "fields": {
      "app_label": "occasions",
      "model": "assembly"
    }
  },
  {
    "model": "contenttypes.contenttype",
    "pk": 41,
    "fields": {
      "app_label": "occasions",
      "model": "assemblyaddress"
    }
  },
  {
    "model": "contenttypes.contenttype",
    "pk": 42,
    "fields": {
      "app_label": "occasions",
      "model": "price"
    }
  },
  {
    "model": "contenttypes.contenttype",
    "pk": 43,
    "fields": {
      "app_label": "occasions",
      "model": "character"
    }
  },
  {
    "model": "contenttypes.contenttype",
    "pk": 44,
    "fields": {
      "app_label": "occasions",
      "model": "meet"
    }
  },
  {
    "model": "contenttypes.contenttype",
    "pk": 45,
    "fields": {
      "app_label": "occasions",
      "model": "gathering"
    }
  },
  {
    "model": "contenttypes.contenttype",
    "pk": 46,
    "fields": {
      "app_label": "occasions",
      "model": "team"
    }
  },
  {
    "model": "contenttypes.contenttype",
    "pk": 47,
    "fields": {
      "app_label": "occasions",
      "model": "participation"
    }
  },
  {
    "model": "sites.site",
    "pk": 1,
    "fields": {
      "domain": "attendees.chineseforchristchurch.org",
      "name": "Attendees"
    }
  },
  {
    "model": "django_celery_beat.crontabschedule",
    "pk": 1,
    "fields": {
      "minute": "0",
      "hour": "4",
      "day_of_week": "*",
      "day_of_month": "*",
      "month_of_year": "*",
      "timezone": "UTC"
    }
  },
  {
    "model": "django_celery_beat.periodictasks",
    "pk": 1,
    "fields": {
      "last_update": "2020-02-16T16:41:48.874Z"
    }
  },
  {
    "model": "django_celery_beat.periodictask",
    "pk": 1,
    "fields": {
      "name": "celery.backend_cleanup",
      "task": "celery.backend_cleanup",
      "interval": null,
      "crontab": 1,
      "solar": null,
      "clocked": null,
      "args": "[]",
      "kwargs": "{}",
      "queue": null,
      "exchange": null,
      "routing_key": null,
      "headers": "{}",
      "priority": null,
      "expires": null,
      "one_off": false,
      "start_time": null,
      "enabled": true,
      "last_run_at": "2020-02-17T04:00:00.004Z",
      "total_run_count": 3,
      "date_changed": "2020-02-17T04:03:00.488Z",
      "description": ""
    }
  },
  {
    "model": "schedule.calendar",
    "pk": 1,
    "fields": {
      "name": "CFCC Calendar",
      "slug": "cfcc-calendar"
    }
  },
  {
    "model": "schedule.rule",
    "pk": 1,
    "fields": {
      "name": "Weekly",
      "description": "Weekly",
      "frequency": "WEEKLY",
      "params": ""
    }
  },
  {
    "model": "schedule.eventrelation",
    "pk": 1,
    "fields": {
      "event": 1,
      "content_type": 44,
      "object_id": 1,
      "distinction": "normal"
    }
  },
  {
    "model": "whereabouts.organization",
    "pk": 1,
    "fields": {
      "created": "2020-02-04T15:50:30.262Z",
      "modified": "2020-02-04T15:50:30.262Z",
      "is_removed": false,
      "slug": "cfcc_hayward",
      "display_name": "Chinese for Christ Church of Hayward"
    }
  },
  {
    "model": "whereabouts.division",
    "pk": 1,
    "fields": {
      "created": "2020-02-04T15:51:19.925Z",
      "modified": "2020-02-04T15:51:19.925Z",
      "is_removed": false,
      "organization": 1,
      "display_name": "\u4e2d\u6587\u90e8",
      "slug": "chinese_ministry"
    }
  },
  {
    "model": "whereabouts.division",
    "pk": 2,
    "fields": {
      "created": "2020-02-05T05:33:18.571Z",
      "modified": "2020-02-05T05:33:18.571Z",
      "is_removed": false,
      "organization": 1,
      "display_name": "Crossing Ministry",
      "slug": "cross_ministry"
    }
  },
  {
    "model": "whereabouts.division",
    "pk": 3,
    "fields": {
      "created": "2020-02-05T05:33:36.351Z",
      "modified": "2020-02-05T05:36:44.362Z",
      "is_removed": false,
      "organization": 1,
      "display_name": "Children Ministry",
      "slug": "children_ministry"
    }
  },
  {
    "model": "whereabouts.address",
    "pk": 1,
    "fields": {
      "created": "2020-02-04T15:46:43.203Z",
      "modified": "2020-02-04T15:46:53.674Z",
      "is_removed": false,
      "display_name": "cfcc_hayward_main",
      "email1": null,
      "email2": null,
      "phone1": "510-581-1630",
      "phone2": null,
      "address_type": "street",
      "street1": "22416 Meekland Ave.",
      "street2": null,
      "city": "Hayward",
      "state": "CA",
      "zip_code": "94541",
      "url": "https://chineseforchristchurch.org/",
      "fields": {}
    }
  },
  {
    "model": "whereabouts.address",
    "pk": 2,
    "fields": {
      "created": "2020-02-04T15:48:07.629Z",
      "modified": "2020-02-04T15:48:07.629Z",
      "is_removed": false,
      "display_name": "Burbank Elementary School",
      "email1": null,
      "email2": null,
      "phone1": null,
      "phone2": null,
      "address_type": "street",
      "street1": "222 Burbank St.",
      "street2": null,
      "city": "Hayward",
      "state": "CA",
      "zip_code": "94541",
      "url": "https://www.thecrossing.website/",
      "fields": {}
    }
  },
  {
    "model": "whereabouts.address",
    "pk": 3,
    "fields": {
      "created": "2020-02-04T15:48:40.752Z",
      "modified": "2020-02-04T15:52:29.771Z",
      "is_removed": false,
      "display_name": "patty's place",
      "email1": null,
      "email2": null,
      "phone1": null,
      "phone2": null,
      "address_type": "street",
      "street1": "1 pretty st.",
      "street2": null,
      "city": "pretty place",
      "state": "CA",
      "zip_code": "11111",
      "url": null,
      "fields": {}
    }
  },
  {
    "model": "whereabouts.address",
    "pk": 4,
    "fields": {
      "created": "2020-02-04T15:49:13.686Z",
      "modified": "2020-02-04T15:52:25.655Z",
      "is_removed": false,
      "display_name": null,
      "email1": null,
      "email2": null,
      "phone1": null,
      "phone2": null,
      "address_type": "street",
      "street1": "2 good street",
      "street2": null,
      "city": "god town",
      "state": "CA",
      "zip_code": "22222",
      "url": null,
      "fields": {}
    }
  },
  {
    "model": "whereabouts.address",
    "pk": 5,
    "fields": {
      "created": "2020-02-05T05:12:38.432Z",
      "modified": "2020-02-05T05:12:49.613Z",
      "is_removed": false,
      "display_name": null,
      "email1": null,
      "email2": null,
      "phone1": null,
      "phone2": null,
      "address_type": "street",
      "street1": "3 great rd",
      "street2": null,
      "city": "great town",
      "state": "CA",
      "zip_code": "33333",
      "url": null,
      "fields": {}
    }
  },
  {
    "model": "whereabouts.address",
    "pk": 6,
    "fields": {
      "created": "2020-02-05T05:13:21.625Z",
      "modified": "2020-02-05T05:13:21.625Z",
      "is_removed": false,
      "display_name": null,
      "email1": null,
      "email2": null,
      "phone1": null,
      "phone2": null,
      "address_type": "street",
      "street1": "4 cool lane",
      "street2": null,
      "city": "cool city",
      "state": "CA",
      "zip_code": "44444",
      "url": null,
      "fields": {}
    }
  },
  {
    "model": "whereabouts.address",
    "pk": 7,
    "fields": {
      "created": "2020-02-05T05:13:59.622Z",
      "modified": "2020-02-05T05:13:59.622Z",
      "is_removed": false,
      "display_name": null,
      "email1": null,
      "email2": null,
      "phone1": null,
      "phone2": null,
      "address_type": "street",
      "street1": "5 excellent ct",
      "street2": null,
      "city": "excellent village",
      "state": "CA",
      "zip_code": "55555",
      "url": null,
      "fields": {}
    }
  },
  {
    "model": "whereabouts.address",
    "pk": 8,
    "fields": {
      "created": "2020-02-05T05:15:14.968Z",
      "modified": "2020-02-05T05:15:14.968Z",
      "is_removed": false,
      "display_name": null,
      "email1": null,
      "email2": null,
      "phone1": null,
      "phone2": null,
      "address_type": "street",
      "street1": "6 beautiful dr",
      "street2": null,
      "city": "beautiful view",
      "state": "CA",
      "zip_code": "66666",
      "url": null,
      "fields": {}
    }
  },
  {
    "model": "whereabouts.campus",
    "pk": 1,
    "fields": {
      "created": "2020-02-08T23:18:08.053Z",
      "modified": "2020-02-08T23:18:08.053Z",
      "is_removed": false,
      "display_name": "Main",
      "slug": "main",
      "address": 1
    }
  },
  {
    "model": "whereabouts.property",
    "pk": 1,
    "fields": {
      "created": "2020-02-08T23:18:57.656Z",
      "modified": "2020-02-08T23:18:57.656Z",
      "is_removed": false,
      "display_name": "Fellowship Hall",
      "slug": "fellowship-hall",
      "address": 1,
      "campus": 1
    }
  },
  {
    "model": "whereabouts.property",
    "pk": 2,
    "fields": {
      "created": "2020-02-17T14:53:23.604Z",
      "modified": "2020-02-17T14:53:23.604Z",
      "is_removed": false,
      "display_name": "\u820a\u4e3b\u5802",
      "slug": "old-main-sanctuary",
      "address": 1,
      "campus": 1
    }
  },
  {
    "model": "whereabouts.suite",
    "pk": 1,
    "fields": {
      "created": "2020-02-08T23:19:43.486Z",
      "modified": "2020-02-08T23:19:43.486Z",
      "is_removed": false,
      "display_name": "\u526f\u58022\u6a13",
      "slug": "fellowship-2f",
      "property": 1,
      "site": "2F"
    }
  },
  {
    "model": "whereabouts.room",
    "pk": 1,
    "fields": {
      "created": "2020-02-08T23:19:59.514Z",
      "modified": "2020-02-08T23:20:11.147Z",
      "is_removed": false,
      "display_name": "207F",
      "slug": "207f",
      "suite": 1,
      "label": "F",
      "accessibility": 100
    }
  },
  {
    "model": "persons.relationship",
    "pk": 1,
    "fields": {
      "created": "2020-02-04T15:56:00.898Z",
      "modified": "2020-02-04T15:56:00.898Z",
      "is_removed": false,
      "from_attendee": 2,
      "to_attendee": 3,
      "relation": "mother - son",
      "category": "relatives"
    }
  },
  {
    "model": "persons.registration",
    "pk": 1,
    "fields": {
      "created": "2020-02-08T23:26:08.039Z",
      "modified": "2020-02-08T23:26:08.039Z",
      "is_removed": false,
      "assembly": 1,
      "main_attendee": 2,
      "apply_type": "onsite",
      "apply_key": "#002",
      "donation": "0.00",
      "price": "0.00"
    }
  },
  {
    "model": "persons.registration",
    "pk": 2,
    "fields": {
      "created": "2020-02-09T03:36:33.542Z",
      "modified": "2020-02-09T03:36:33.542Z",
      "is_removed": false,
      "assembly": 1,
      "main_attendee": 11,
      "apply_type": "admin",
      "apply_key": "000",
      "donation": "0.00",
      "price": "0.00"
    }
  },
  {
    "model": "persons.registration",
    "pk": 3,
    "fields": {
      "created": "2020-02-17T14:58:01.595Z",
      "modified": "2020-02-17T14:58:01.595Z",
      "is_removed": false,
      "assembly": 2,
      "main_attendee": 1,
      "apply_type": "system",
      "apply_key": "001",
      "donation": "0.00",
      "price": "0.00"
    }
  },
  {
    "model": "persons.attending",
    "pk": 1,
    "fields": {
      "created": "2020-02-08T23:27:07.008Z",
      "modified": "2020-02-08T23:34:25.536Z",
      "is_removed": false,
      "registration": 1,
      "attendee": 3,
      "age": 500,
      "category": "normal",
      "belief": "not sure",
      "bed_needs": 0,
      "mobility": 300
    }
  },
  {
    "model": "persons.attending",
    "pk": 2,
    "fields": {
      "created": "2020-02-16T06:19:58.531Z",
      "modified": "2020-02-16T06:19:58.531Z",
      "is_removed": false,
      "registration": 2,
      "attendee": 11,
      "age": 500,
      "category": "normal",
      "belief": "baptized",
      "bed_needs": 0,
      "mobility": 300
    }
  },
  {
    "model": "persons.attending",
    "pk": 3,
    "fields": {
      "created": "2020-02-16T06:20:48.467Z",
      "modified": "2020-02-16T06:20:48.467Z",
      "is_removed": false,
      "registration": 2,
      "attendee": 1,
      "age": 500,
      "category": "normal",
      "belief": "baptized",
      "bed_needs": 0,
      "mobility": 500
    }
  },
  {
    "model": "persons.attending",
    "pk": 4,
    "fields": {
      "created": "2020-02-17T14:59:10.907Z",
      "modified": "2020-02-17T14:59:10.907Z",
      "is_removed": false,
      "registration": 3,
      "attendee": 1,
      "age": 500,
      "category": "normal",
      "belief": "believer",
      "bed_needs": 0,
      "mobility": 300
    }
  },
  {
    "model": "persons.attending",
    "pk": 5,
    "fields": {
      "created": "2020-02-18T02:04:51.096Z",
      "modified": "2020-02-18T02:04:51.096Z",
      "is_removed": false,
      "registration": 2,
      "attendee": 4,
      "age": 500,
      "category": "normal",
      "belief": null,
      "bed_needs": 0,
      "mobility": 200
    }
  },
  {
    "model": "persons.attendingdivision",
    "pk": 3,
    "fields": {
      "created": "2020-02-08T23:34:25.520Z",
      "modified": "2020-02-08T23:34:25.520Z",
      "is_removed": false,
      "attending": 1,
      "division": 3
    }
  },
  {
    "model": "persons.attendingdivision",
    "pk": 4,
    "fields": {
      "created": "2020-02-16T06:19:58.543Z",
      "modified": "2020-02-16T06:19:58.543Z",
      "is_removed": false,
      "attending": 2,
      "division": 3
    }
  },
  {
    "model": "persons.attendingdivision",
    "pk": 5,
    "fields": {
      "created": "2020-02-16T06:20:48.479Z",
      "modified": "2020-02-16T06:20:48.479Z",
      "is_removed": false,
      "attending": 3,
      "division": 3
    }
  },
  {
    "model": "persons.attendingdivision",
    "pk": 6,
    "fields": {
      "created": "2020-02-17T14:59:10.928Z",
      "modified": "2020-02-17T14:59:10.928Z",
      "is_removed": false,
      "attending": 4,
      "division": 1
    }
  },
  {
    "model": "persons.attendingdivision",
    "pk": 7,
    "fields": {
      "created": "2020-02-18T02:04:51.107Z",
      "modified": "2020-02-18T02:04:51.107Z",
      "is_removed": false,
      "attending": 5,
      "division": 3
    }
  },
  {
    "model": "persons.attendeeaddress",
    "pk": 1,
    "fields": {
      "created": "2020-02-04T15:52:11.169Z",
      "modified": "2020-02-04T15:52:11.169Z",
      "is_removed": false,
      "attendee": 1,
      "address": 4,
      "category": "main"
    }
  },
  {
    "model": "persons.attendeeaddress",
    "pk": 2,
    "fields": {
      "created": "2020-02-04T15:54:39.011Z",
      "modified": "2020-02-04T15:54:39.011Z",
      "is_removed": false,
      "attendee": 2,
      "address": 3,
      "category": "main"
    }
  },
  {
    "model": "persons.attendeeaddress",
    "pk": 3,
    "fields": {
      "created": "2020-02-04T15:55:24.665Z",
      "modified": "2020-02-04T15:55:24.665Z",
      "is_removed": false,
      "attendee": 3,
      "address": 3,
      "category": "resident"
    }
  },
  {
    "model": "persons.attendeeaddress",
    "pk": 4,
    "fields": {
      "created": "2020-02-17T03:03:31.789Z",
      "modified": "2020-02-17T03:03:31.789Z",
      "is_removed": false,
      "attendee": 11,
      "address": 5,
      "category": "main"
    }
  },
  {
    "model": "occasions.assembly",
    "pk": 1,
    "fields": {
      "created": "2020-02-05T05:36:21.043Z",
      "modified": "2020-02-17T14:48:20.569Z",
      "is_removed": false,
      "start": null,
      "finish": null,
      "display_name": "\u5152\u7ae5\u5e38\u898f\u6559\u5b78",
      "slug": "kid_regular_school",
      "division": 3
    }
  },
  {
    "model": "occasions.assembly",
    "pk": 2,
    "fields": {
      "created": "2020-02-17T14:40:20.653Z",
      "modified": "2020-02-17T14:48:52.753Z",
      "is_removed": false,
      "start": null,
      "finish": null,
      "display_name": "\u6210\u4eba\u4e3b\u65e5\u5d07\u62dc",
      "slug": "adult-sunday-worship",
      "division": 1
    }
  },
  {
    "model": "occasions.assembly",
    "pk": 3,
    "fields": {
      "created": "2020-02-17T14:50:07.535Z",
      "modified": "2020-02-17T14:50:07.535Z",
      "is_removed": false,
      "start": null,
      "finish": null,
      "display_name": "\u5152\u7ae5\u7279\u5225\u6d3b\u52d5",
      "slug": "kid-special-activity",
      "division": 3
    }
  },
  {
    "model": "occasions.assemblyaddress",
    "pk": 1,
    "fields": {
      "created": "2020-02-05T05:36:21.059Z",
      "modified": "2020-02-05T05:37:38.517Z",
      "is_removed": false,
      "assembly": 1,
      "address": 1,
      "category": "primary"
    }
  },
  {
    "model": "occasions.assemblyaddress",
    "pk": 2,
    "fields": {
      "created": "2020-02-17T14:41:56.554Z",
      "modified": "2020-02-17T14:41:56.554Z",
      "is_removed": false,
      "assembly": 2,
      "address": 1,
      "category": "normal"
    }
  },
  {
    "model": "occasions.assemblyaddress",
    "pk": 3,
    "fields": {
      "created": "2020-02-17T14:50:07.542Z",
      "modified": "2020-02-17T14:50:07.542Z",
      "is_removed": false,
      "assembly": 3,
      "address": 1,
      "category": "normal"
    }
  },
  {
    "model": "occasions.character",
    "pk": 1,
    "fields": {
      "created": "2020-02-08T23:28:11.799Z",
      "modified": "2020-02-08T23:28:11.799Z",
      "is_removed": false,
      "display_name": "Student",
      "display_order": 0,
      "slug": "student",
      "info": null,
      "type": "normal"
    }
  },
  {
    "model": "occasions.character",
    "pk": 2,
    "fields": {
      "created": "2020-02-08T23:28:17.970Z",
      "modified": "2020-02-08T23:28:17.970Z",
      "is_removed": false,
      "display_name": "Teacher",
      "display_order": 0,
      "slug": "teacher",
      "info": null,
      "type": "normal"
    }
  },
  {
    "model": "occasions.character",
    "pk": 3,
    "fields": {
      "created": "2020-02-08T23:28:23.778Z",
      "modified": "2020-02-08T23:28:23.778Z",
      "is_removed": false,
      "display_name": "Leader",
      "display_order": 0,
      "slug": "leader",
      "info": null,
      "type": "normal"
    }
  },
  {
    "model": "occasions.character",
    "pk": 4,
    "fields": {
      "created": "2020-02-08T23:28:28.821Z",
      "modified": "2020-02-08T23:28:28.821Z",
      "is_removed": false,
      "display_name": "Helper",
      "display_order": 0,
      "slug": "helper",
      "info": null,
      "type": "normal"
    }
  },
  {
    "model": "occasions.character",
    "pk": 5,
    "fields": {
      "created": "2020-02-08T23:30:37.366Z",
      "modified": "2020-02-08T23:30:37.366Z",
      "is_removed": false,
      "display_name": "Food Preparer",
      "display_order": 0,
      "slug": "food-preparer",
      "info": null,
      "type": "normal"
    }
  },
  {
    "model": "occasions.meet",
    "pk": 1,
    "fields": {
      "created": "2020-02-08T23:22:16.468Z",
      "modified": "2020-02-08T23:22:16.468Z",
      "is_removed": false,
      "division": 3,
      "start": null,
      "finish": null,
      "display_name": "The Rock",
      "slug": "the-rock",
      "info": null,
      "url": null,
      "site_type": 30,
      "site_id": 1
    }
  },
  {
    "model": "occasions.meet",
    "pk": 2,
    "fields": {
      "created": "2020-02-17T14:36:30.261Z",
      "modified": "2020-02-17T14:36:30.261Z",
      "is_removed": false,
      "division": 3,
      "start": null,
      "finish": null,
      "display_name": "Little foot",
      "slug": "little-foot",
      "info": null,
      "url": null,
      "site_type": 32,
      "site_id": 1
    }
  },
  {
    "model": "occasions.meet",
    "pk": 3,
    "fields": {
      "created": "2020-02-17T14:52:03.903Z",
      "modified": "2020-02-17T14:52:03.903Z",
      "is_removed": false,
      "division": 1,
      "start": null,
      "finish": null,
      "display_name": "\u5f71\u97f3\u4e2d\u63a7",
      "slug": "recording-av-control",
      "info": null,
      "url": null,
      "site_type": 30,
      "site_id": 2
    }
  },
  {
    "model": "occasions.gathering",
    "pk": 1,
    "fields": {
      "created": "2020-02-08T23:23:16.982Z",
      "modified": "2020-02-08T23:23:16.982Z",
      "is_removed": false,
      "meet": 1,
      "start": "2020-02-09T18:00:00Z",
      "finish": "2020-02-09T20:00:00Z",
      "display_name": "02/09/2020",
      "link": null,
      "occurrence": null,
      "site_type": 31,
      "site_id": 1
    }
  },
  {
    "model": "occasions.gathering",
    "pk": 2,
    "fields": {
      "created": "2020-02-17T04:01:15.902Z",
      "modified": "2020-02-17T04:01:15.902Z",
      "is_removed": false,
      "meet": 1,
      "start": "2020-02-16T18:00:00Z",
      "finish": "2020-02-16T20:00:00Z",
      "display_name": "02/16/2020",
      "link": null,
      "occurrence": null,
      "site_type": 32,
      "site_id": 1
    }
  },
  {
    "model": "occasions.gathering",
    "pk": 3,
    "fields": {
      "created": "2020-02-17T15:01:37.575Z",
      "modified": "2020-02-17T15:01:37.575Z",
      "is_removed": false,
      "meet": 3,
      "start": "2020-01-10T17:00:00Z",
      "finish": "2020-01-10T20:00:00Z",
      "display_name": "01/10/2020",
      "link": null,
      "occurrence": null,
      "site_type": 30,
      "site_id": 2
    }
  },
  {
    "model": "occasions.gathering",
    "pk": 4,
    "fields": {
      "created": "2020-02-17T15:09:03.335Z",
      "modified": "2020-02-17T15:09:03.335Z",
      "is_removed": false,
      "meet": 2,
      "start": "2020-02-09T18:00:00Z",
      "finish": "2020-02-09T20:00:00Z",
      "display_name": "02/09/2020",
      "link": null,
      "occurrence": null,
      "site_type": 30,
      "site_id": 1
    }
  },
  {
    "model": "occasions.team",
    "pk": 1,
    "fields": {
      "created": "2020-02-08T23:27:55.611Z",
      "modified": "2020-02-08T23:27:55.611Z",
      "is_removed": false,
      "meet": 1,
      "slug": "large-group-4g",
      "display_name": "Large Group 4G",
      "display_order": 0
    }
  },
  {
    "model": "occasions.participation",
    "pk": 1,
    "fields": {
      "created": "2020-02-08T23:31:34.933Z",
      "modified": "2020-02-08T23:31:34.933Z",
      "start": null,
      "finish": null,
      "is_removed": false,
      "gathering": 1,
      "team": 1,
      "attending": 1,
      "character": 1,
      "free": 0,
      "category": "scheduled",
      "display_order": 0
    }
  },
  {
    "model": "occasions.participation",
    "pk": 2,
    "fields": {
      "created": "2020-02-17T03:01:06.755Z",
      "modified": "2020-02-17T03:01:06.755Z",
      "is_removed": false,
      "start": null,
      "finish": null,
      "gathering": 1,
      "team": null,
      "attending": 2,
      "character": 2,
      "free": -1,
      "category": "scheduled",
      "display_order": 0
    }
  },
  {
    "model": "occasions.participation",
    "pk": 3,
    "fields": {
      "created": "2020-02-17T03:01:19.905Z",
      "modified": "2020-02-17T06:16:51.087Z",
      "is_removed": false,
      "start": null,
      "finish": null,
      "gathering": 1,
      "team": 1,
      "attending": 3,
      "character": 4,
      "free": 0,
      "category": "confirmed",
      "display_order": 0
    }
  },
  {
    "model": "occasions.participation",
    "pk": 4,
    "fields": {
      "created": "2020-02-17T04:01:15.918Z",
      "modified": "2020-02-17T04:01:15.918Z",
      "is_removed": false,
      "start": null,
      "finish": null,
      "gathering": 2,
      "team": null,
      "attending": 3,
      "character": 5,
      "free": 0,
      "category": "scheduled",
      "display_order": 0
    }
  },
  {
    "model": "occasions.participation",
    "pk": 5,
    "fields": {
      "created": "2020-02-17T15:01:37.586Z",
      "modified": "2020-02-17T15:01:37.586Z",
      "is_removed": false,
      "start": null,
      "finish": null,
      "gathering": 3,
      "team": null,
      "attending": 4,
      "character": 4,
      "free": 0,
      "category": "scheduled",
      "display_order": 0
    }
  },
  {
    "model": "occasions.participation",
    "pk": 6,
    "fields": {
      "created": "2020-02-17T15:12:35.463Z",
      "modified": "2020-02-18T02:05:31.653Z",
      "is_removed": false,
      "start": "2020-02-09T17:00:00Z",
      "finish": "2020-02-09T19:00:00Z",
      "gathering": 4,
      "team": null,
      "attending": 5,
      "character": 4,
      "free": 1,
      "category": "scheduled",
      "display_order": 0
    }
  },
  {
    "model": "auth.permission",
    "pk": 1,
    "fields": {
      "name": "Can add permission",
      "content_type": 1,
      "codename": "add_permission"
    }
  },
  {
    "model": "auth.permission",
    "pk": 2,
    "fields": {
      "name": "Can change permission",
      "content_type": 1,
      "codename": "change_permission"
    }
  },
  {
    "model": "auth.permission",
    "pk": 3,
    "fields": {
      "name": "Can delete permission",
      "content_type": 1,
      "codename": "delete_permission"
    }
  },
  {
    "model": "auth.permission",
    "pk": 4,
    "fields": {
      "name": "Can view permission",
      "content_type": 1,
      "codename": "view_permission"
    }
  },
  {
    "model": "auth.permission",
    "pk": 5,
    "fields": {
      "name": "Can add group",
      "content_type": 2,
      "codename": "add_group"
    }
  },
  {
    "model": "auth.permission",
    "pk": 6,
    "fields": {
      "name": "Can change group",
      "content_type": 2,
      "codename": "change_group"
    }
  },
  {
    "model": "auth.permission",
    "pk": 7,
    "fields": {
      "name": "Can delete group",
      "content_type": 2,
      "codename": "delete_group"
    }
  },
  {
    "model": "auth.permission",
    "pk": 8,
    "fields": {
      "name": "Can view group",
      "content_type": 2,
      "codename": "view_group"
    }
  },
  {
    "model": "auth.permission",
    "pk": 9,
    "fields": {
      "name": "Can add content type",
      "content_type": 3,
      "codename": "add_contenttype"
    }
  },
  {
    "model": "auth.permission",
    "pk": 10,
    "fields": {
      "name": "Can change content type",
      "content_type": 3,
      "codename": "change_contenttype"
    }
  },
  {
    "model": "auth.permission",
    "pk": 11,
    "fields": {
      "name": "Can delete content type",
      "content_type": 3,
      "codename": "delete_contenttype"
    }
  },
  {
    "model": "auth.permission",
    "pk": 12,
    "fields": {
      "name": "Can view content type",
      "content_type": 3,
      "codename": "view_contenttype"
    }
  },
  {
    "model": "auth.permission",
    "pk": 13,
    "fields": {
      "name": "Can add session",
      "content_type": 4,
      "codename": "add_session"
    }
  },
  {
    "model": "auth.permission",
    "pk": 14,
    "fields": {
      "name": "Can change session",
      "content_type": 4,
      "codename": "change_session"
    }
  },
  {
    "model": "auth.permission",
    "pk": 15,
    "fields": {
      "name": "Can delete session",
      "content_type": 4,
      "codename": "delete_session"
    }
  },
  {
    "model": "auth.permission",
    "pk": 16,
    "fields": {
      "name": "Can view session",
      "content_type": 4,
      "codename": "view_session"
    }
  },
  {
    "model": "auth.permission",
    "pk": 17,
    "fields": {
      "name": "Can add site",
      "content_type": 5,
      "codename": "add_site"
    }
  },
  {
    "model": "auth.permission",
    "pk": 18,
    "fields": {
      "name": "Can change site",
      "content_type": 5,
      "codename": "change_site"
    }
  },
  {
    "model": "auth.permission",
    "pk": 19,
    "fields": {
      "name": "Can delete site",
      "content_type": 5,
      "codename": "delete_site"
    }
  },
  {
    "model": "auth.permission",
    "pk": 20,
    "fields": {
      "name": "Can view site",
      "content_type": 5,
      "codename": "view_site"
    }
  },
  {
    "model": "auth.permission",
    "pk": 21,
    "fields": {
      "name": "Can add log entry",
      "content_type": 6,
      "codename": "add_logentry"
    }
  },
  {
    "model": "auth.permission",
    "pk": 22,
    "fields": {
      "name": "Can change log entry",
      "content_type": 6,
      "codename": "change_logentry"
    }
  },
  {
    "model": "auth.permission",
    "pk": 23,
    "fields": {
      "name": "Can delete log entry",
      "content_type": 6,
      "codename": "delete_logentry"
    }
  },
  {
    "model": "auth.permission",
    "pk": 24,
    "fields": {
      "name": "Can view log entry",
      "content_type": 6,
      "codename": "view_logentry"
    }
  },
  {
    "model": "auth.permission",
    "pk": 25,
    "fields": {
      "name": "Can add email address",
      "content_type": 7,
      "codename": "add_emailaddress"
    }
  },
  {
    "model": "auth.permission",
    "pk": 26,
    "fields": {
      "name": "Can change email address",
      "content_type": 7,
      "codename": "change_emailaddress"
    }
  },
  {
    "model": "auth.permission",
    "pk": 27,
    "fields": {
      "name": "Can delete email address",
      "content_type": 7,
      "codename": "delete_emailaddress"
    }
  },
  {
    "model": "auth.permission",
    "pk": 28,
    "fields": {
      "name": "Can view email address",
      "content_type": 7,
      "codename": "view_emailaddress"
    }
  },
  {
    "model": "auth.permission",
    "pk": 29,
    "fields": {
      "name": "Can add email confirmation",
      "content_type": 8,
      "codename": "add_emailconfirmation"
    }
  },
  {
    "model": "auth.permission",
    "pk": 30,
    "fields": {
      "name": "Can change email confirmation",
      "content_type": 8,
      "codename": "change_emailconfirmation"
    }
  },
  {
    "model": "auth.permission",
    "pk": 31,
    "fields": {
      "name": "Can delete email confirmation",
      "content_type": 8,
      "codename": "delete_emailconfirmation"
    }
  },
  {
    "model": "auth.permission",
    "pk": 32,
    "fields": {
      "name": "Can view email confirmation",
      "content_type": 8,
      "codename": "view_emailconfirmation"
    }
  },
  {
    "model": "auth.permission",
    "pk": 33,
    "fields": {
      "name": "Can add social account",
      "content_type": 9,
      "codename": "add_socialaccount"
    }
  },
  {
    "model": "auth.permission",
    "pk": 34,
    "fields": {
      "name": "Can change social account",
      "content_type": 9,
      "codename": "change_socialaccount"
    }
  },
  {
    "model": "auth.permission",
    "pk": 35,
    "fields": {
      "name": "Can delete social account",
      "content_type": 9,
      "codename": "delete_socialaccount"
    }
  },
  {
    "model": "auth.permission",
    "pk": 36,
    "fields": {
      "name": "Can view social account",
      "content_type": 9,
      "codename": "view_socialaccount"
    }
  },
  {
    "model": "auth.permission",
    "pk": 37,
    "fields": {
      "name": "Can add social application",
      "content_type": 10,
      "codename": "add_socialapp"
    }
  },
  {
    "model": "auth.permission",
    "pk": 38,
    "fields": {
      "name": "Can change social application",
      "content_type": 10,
      "codename": "change_socialapp"
    }
  },
  {
    "model": "auth.permission",
    "pk": 39,
    "fields": {
      "name": "Can delete social application",
      "content_type": 10,
      "codename": "delete_socialapp"
    }
  },
  {
    "model": "auth.permission",
    "pk": 40,
    "fields": {
      "name": "Can view social application",
      "content_type": 10,
      "codename": "view_socialapp"
    }
  },
  {
    "model": "auth.permission",
    "pk": 41,
    "fields": {
      "name": "Can add social application token",
      "content_type": 11,
      "codename": "add_socialtoken"
    }
  },
  {
    "model": "auth.permission",
    "pk": 42,
    "fields": {
      "name": "Can change social application token",
      "content_type": 11,
      "codename": "change_socialtoken"
    }
  },
  {
    "model": "auth.permission",
    "pk": 43,
    "fields": {
      "name": "Can delete social application token",
      "content_type": 11,
      "codename": "delete_socialtoken"
    }
  },
  {
    "model": "auth.permission",
    "pk": 44,
    "fields": {
      "name": "Can view social application token",
      "content_type": 11,
      "codename": "view_socialtoken"
    }
  },
  {
    "model": "auth.permission",
    "pk": 45,
    "fields": {
      "name": "Can add crontab",
      "content_type": 12,
      "codename": "add_crontabschedule"
    }
  },
  {
    "model": "auth.permission",
    "pk": 46,
    "fields": {
      "name": "Can change crontab",
      "content_type": 12,
      "codename": "change_crontabschedule"
    }
  },
  {
    "model": "auth.permission",
    "pk": 47,
    "fields": {
      "name": "Can delete crontab",
      "content_type": 12,
      "codename": "delete_crontabschedule"
    }
  },
  {
    "model": "auth.permission",
    "pk": 48,
    "fields": {
      "name": "Can view crontab",
      "content_type": 12,
      "codename": "view_crontabschedule"
    }
  },
  {
    "model": "auth.permission",
    "pk": 49,
    "fields": {
      "name": "Can add interval",
      "content_type": 13,
      "codename": "add_intervalschedule"
    }
  },
  {
    "model": "auth.permission",
    "pk": 50,
    "fields": {
      "name": "Can change interval",
      "content_type": 13,
      "codename": "change_intervalschedule"
    }
  },
  {
    "model": "auth.permission",
    "pk": 51,
    "fields": {
      "name": "Can delete interval",
      "content_type": 13,
      "codename": "delete_intervalschedule"
    }
  },
  {
    "model": "auth.permission",
    "pk": 52,
    "fields": {
      "name": "Can view interval",
      "content_type": 13,
      "codename": "view_intervalschedule"
    }
  },
  {
    "model": "auth.permission",
    "pk": 53,
    "fields": {
      "name": "Can add periodic task",
      "content_type": 14,
      "codename": "add_periodictask"
    }
  },
  {
    "model": "auth.permission",
    "pk": 54,
    "fields": {
      "name": "Can change periodic task",
      "content_type": 14,
      "codename": "change_periodictask"
    }
  },
  {
    "model": "auth.permission",
    "pk": 55,
    "fields": {
      "name": "Can delete periodic task",
      "content_type": 14,
      "codename": "delete_periodictask"
    }
  },
  {
    "model": "auth.permission",
    "pk": 56,
    "fields": {
      "name": "Can view periodic task",
      "content_type": 14,
      "codename": "view_periodictask"
    }
  },
  {
    "model": "auth.permission",
    "pk": 57,
    "fields": {
      "name": "Can add periodic tasks",
      "content_type": 15,
      "codename": "add_periodictasks"
    }
  },
  {
    "model": "auth.permission",
    "pk": 58,
    "fields": {
      "name": "Can change periodic tasks",
      "content_type": 15,
      "codename": "change_periodictasks"
    }
  },
  {
    "model": "auth.permission",
    "pk": 59,
    "fields": {
      "name": "Can delete periodic tasks",
      "content_type": 15,
      "codename": "delete_periodictasks"
    }
  },
  {
    "model": "auth.permission",
    "pk": 60,
    "fields": {
      "name": "Can view periodic tasks",
      "content_type": 15,
      "codename": "view_periodictasks"
    }
  },
  {
    "model": "auth.permission",
    "pk": 61,
    "fields": {
      "name": "Can add solar event",
      "content_type": 16,
      "codename": "add_solarschedule"
    }
  },
  {
    "model": "auth.permission",
    "pk": 62,
    "fields": {
      "name": "Can change solar event",
      "content_type": 16,
      "codename": "change_solarschedule"
    }
  },
  {
    "model": "auth.permission",
    "pk": 63,
    "fields": {
      "name": "Can delete solar event",
      "content_type": 16,
      "codename": "delete_solarschedule"
    }
  },
  {
    "model": "auth.permission",
    "pk": 64,
    "fields": {
      "name": "Can view solar event",
      "content_type": 16,
      "codename": "view_solarschedule"
    }
  },
  {
    "model": "auth.permission",
    "pk": 65,
    "fields": {
      "name": "Can add clocked",
      "content_type": 17,
      "codename": "add_clockedschedule"
    }
  },
  {
    "model": "auth.permission",
    "pk": 66,
    "fields": {
      "name": "Can change clocked",
      "content_type": 17,
      "codename": "change_clockedschedule"
    }
  },
  {
    "model": "auth.permission",
    "pk": 67,
    "fields": {
      "name": "Can delete clocked",
      "content_type": 17,
      "codename": "delete_clockedschedule"
    }
  },
  {
    "model": "auth.permission",
    "pk": 68,
    "fields": {
      "name": "Can view clocked",
      "content_type": 17,
      "codename": "view_clockedschedule"
    }
  },
  {
    "model": "auth.permission",
    "pk": 69,
    "fields": {
      "name": "Can add attachment",
      "content_type": 18,
      "codename": "add_attachment"
    }
  },
  {
    "model": "auth.permission",
    "pk": 70,
    "fields": {
      "name": "Can change attachment",
      "content_type": 18,
      "codename": "change_attachment"
    }
  },
  {
    "model": "auth.permission",
    "pk": 71,
    "fields": {
      "name": "Can delete attachment",
      "content_type": 18,
      "codename": "delete_attachment"
    }
  },
  {
    "model": "auth.permission",
    "pk": 72,
    "fields": {
      "name": "Can view attachment",
      "content_type": 18,
      "codename": "view_attachment"
    }
  },
  {
    "model": "auth.permission",
    "pk": 73,
    "fields": {
      "name": "Can add calendar",
      "content_type": 19,
      "codename": "add_calendar"
    }
  },
  {
    "model": "auth.permission",
    "pk": 74,
    "fields": {
      "name": "Can change calendar",
      "content_type": 19,
      "codename": "change_calendar"
    }
  },
  {
    "model": "auth.permission",
    "pk": 75,
    "fields": {
      "name": "Can delete calendar",
      "content_type": 19,
      "codename": "delete_calendar"
    }
  },
  {
    "model": "auth.permission",
    "pk": 76,
    "fields": {
      "name": "Can view calendar",
      "content_type": 19,
      "codename": "view_calendar"
    }
  },
  {
    "model": "auth.permission",
    "pk": 77,
    "fields": {
      "name": "Can add calendar relation",
      "content_type": 20,
      "codename": "add_calendarrelation"
    }
  },
  {
    "model": "auth.permission",
    "pk": 78,
    "fields": {
      "name": "Can change calendar relation",
      "content_type": 20,
      "codename": "change_calendarrelation"
    }
  },
  {
    "model": "auth.permission",
    "pk": 79,
    "fields": {
      "name": "Can delete calendar relation",
      "content_type": 20,
      "codename": "delete_calendarrelation"
    }
  },
  {
    "model": "auth.permission",
    "pk": 80,
    "fields": {
      "name": "Can view calendar relation",
      "content_type": 20,
      "codename": "view_calendarrelation"
    }
  },
  {
    "model": "auth.permission",
    "pk": 81,
    "fields": {
      "name": "Can add event",
      "content_type": 21,
      "codename": "add_event"
    }
  },
  {
    "model": "auth.permission",
    "pk": 82,
    "fields": {
      "name": "Can change event",
      "content_type": 21,
      "codename": "change_event"
    }
  },
  {
    "model": "auth.permission",
    "pk": 83,
    "fields": {
      "name": "Can delete event",
      "content_type": 21,
      "codename": "delete_event"
    }
  },
  {
    "model": "auth.permission",
    "pk": 84,
    "fields": {
      "name": "Can view event",
      "content_type": 21,
      "codename": "view_event"
    }
  },
  {
    "model": "auth.permission",
    "pk": 85,
    "fields": {
      "name": "Can add event relation",
      "content_type": 22,
      "codename": "add_eventrelation"
    }
  },
  {
    "model": "auth.permission",
    "pk": 86,
    "fields": {
      "name": "Can change event relation",
      "content_type": 22,
      "codename": "change_eventrelation"
    }
  },
  {
    "model": "auth.permission",
    "pk": 87,
    "fields": {
      "name": "Can delete event relation",
      "content_type": 22,
      "codename": "delete_eventrelation"
    }
  },
  {
    "model": "auth.permission",
    "pk": 88,
    "fields": {
      "name": "Can view event relation",
      "content_type": 22,
      "codename": "view_eventrelation"
    }
  },
  {
    "model": "auth.permission",
    "pk": 89,
    "fields": {
      "name": "Can add occurrence",
      "content_type": 23,
      "codename": "add_occurrence"
    }
  },
  {
    "model": "auth.permission",
    "pk": 90,
    "fields": {
      "name": "Can change occurrence",
      "content_type": 23,
      "codename": "change_occurrence"
    }
  },
  {
    "model": "auth.permission",
    "pk": 91,
    "fields": {
      "name": "Can delete occurrence",
      "content_type": 23,
      "codename": "delete_occurrence"
    }
  },
  {
    "model": "auth.permission",
    "pk": 92,
    "fields": {
      "name": "Can view occurrence",
      "content_type": 23,
      "codename": "view_occurrence"
    }
  },
  {
    "model": "auth.permission",
    "pk": 93,
    "fields": {
      "name": "Can add rule",
      "content_type": 24,
      "codename": "add_rule"
    }
  },
  {
    "model": "auth.permission",
    "pk": 94,
    "fields": {
      "name": "Can change rule",
      "content_type": 24,
      "codename": "change_rule"
    }
  },
  {
    "model": "auth.permission",
    "pk": 95,
    "fields": {
      "name": "Can delete rule",
      "content_type": 24,
      "codename": "delete_rule"
    }
  },
  {
    "model": "auth.permission",
    "pk": 96,
    "fields": {
      "name": "Can view rule",
      "content_type": 24,
      "codename": "view_rule"
    }
  },
  {
    "model": "auth.permission",
    "pk": 97,
    "fields": {
      "name": "Can add user",
      "content_type": 25,
      "codename": "add_user"
    }
  },
  {
    "model": "auth.permission",
    "pk": 98,
    "fields": {
      "name": "Can change user",
      "content_type": 25,
      "codename": "change_user"
    }
  },
  {
    "model": "auth.permission",
    "pk": 99,
    "fields": {
      "name": "Can delete user",
      "content_type": 25,
      "codename": "delete_user"
    }
  },
  {
    "model": "auth.permission",
    "pk": 100,
    "fields": {
      "name": "Can view user",
      "content_type": 25,
      "codename": "view_user"
    }
  },
  {
    "model": "auth.permission",
    "pk": 101,
    "fields": {
      "name": "Can add organization",
      "content_type": 26,
      "codename": "add_organization"
    }
  },
  {
    "model": "auth.permission",
    "pk": 102,
    "fields": {
      "name": "Can change organization",
      "content_type": 26,
      "codename": "change_organization"
    }
  },
  {
    "model": "auth.permission",
    "pk": 103,
    "fields": {
      "name": "Can delete organization",
      "content_type": 26,
      "codename": "delete_organization"
    }
  },
  {
    "model": "auth.permission",
    "pk": 104,
    "fields": {
      "name": "Can view organization",
      "content_type": 26,
      "codename": "view_organization"
    }
  },
  {
    "model": "auth.permission",
    "pk": 105,
    "fields": {
      "name": "Can add division",
      "content_type": 27,
      "codename": "add_division"
    }
  },
  {
    "model": "auth.permission",
    "pk": 106,
    "fields": {
      "name": "Can change division",
      "content_type": 27,
      "codename": "change_division"
    }
  },
  {
    "model": "auth.permission",
    "pk": 107,
    "fields": {
      "name": "Can delete division",
      "content_type": 27,
      "codename": "delete_division"
    }
  },
  {
    "model": "auth.permission",
    "pk": 108,
    "fields": {
      "name": "Can view division",
      "content_type": 27,
      "codename": "view_division"
    }
  },
  {
    "model": "auth.permission",
    "pk": 109,
    "fields": {
      "name": "Can add address",
      "content_type": 28,
      "codename": "add_address"
    }
  },
  {
    "model": "auth.permission",
    "pk": 110,
    "fields": {
      "name": "Can change address",
      "content_type": 28,
      "codename": "change_address"
    }
  },
  {
    "model": "auth.permission",
    "pk": 111,
    "fields": {
      "name": "Can delete address",
      "content_type": 28,
      "codename": "delete_address"
    }
  },
  {
    "model": "auth.permission",
    "pk": 112,
    "fields": {
      "name": "Can view address",
      "content_type": 28,
      "codename": "view_address"
    }
  },
  {
    "model": "auth.permission",
    "pk": 113,
    "fields": {
      "name": "Can add campus",
      "content_type": 29,
      "codename": "add_campus"
    }
  },
  {
    "model": "auth.permission",
    "pk": 114,
    "fields": {
      "name": "Can change campus",
      "content_type": 29,
      "codename": "change_campus"
    }
  },
  {
    "model": "auth.permission",
    "pk": 115,
    "fields": {
      "name": "Can delete campus",
      "content_type": 29,
      "codename": "delete_campus"
    }
  },
  {
    "model": "auth.permission",
    "pk": 116,
    "fields": {
      "name": "Can view campus",
      "content_type": 29,
      "codename": "view_campus"
    }
  },
  {
    "model": "auth.permission",
    "pk": 117,
    "fields": {
      "name": "Can add property",
      "content_type": 30,
      "codename": "add_property"
    }
  },
  {
    "model": "auth.permission",
    "pk": 118,
    "fields": {
      "name": "Can change property",
      "content_type": 30,
      "codename": "change_property"
    }
  },
  {
    "model": "auth.permission",
    "pk": 119,
    "fields": {
      "name": "Can delete property",
      "content_type": 30,
      "codename": "delete_property"
    }
  },
  {
    "model": "auth.permission",
    "pk": 120,
    "fields": {
      "name": "Can view property",
      "content_type": 30,
      "codename": "view_property"
    }
  },
  {
    "model": "auth.permission",
    "pk": 121,
    "fields": {
      "name": "Can add suite",
      "content_type": 31,
      "codename": "add_suite"
    }
  },
  {
    "model": "auth.permission",
    "pk": 122,
    "fields": {
      "name": "Can change suite",
      "content_type": 31,
      "codename": "change_suite"
    }
  },
  {
    "model": "auth.permission",
    "pk": 123,
    "fields": {
      "name": "Can delete suite",
      "content_type": 31,
      "codename": "delete_suite"
    }
  },
  {
    "model": "auth.permission",
    "pk": 124,
    "fields": {
      "name": "Can view suite",
      "content_type": 31,
      "codename": "view_suite"
    }
  },
  {
    "model": "auth.permission",
    "pk": 125,
    "fields": {
      "name": "Can add room",
      "content_type": 32,
      "codename": "add_room"
    }
  },
  {
    "model": "auth.permission",
    "pk": 126,
    "fields": {
      "name": "Can change room",
      "content_type": 32,
      "codename": "change_room"
    }
  },
  {
    "model": "auth.permission",
    "pk": 127,
    "fields": {
      "name": "Can delete room",
      "content_type": 32,
      "codename": "delete_room"
    }
  },
  {
    "model": "auth.permission",
    "pk": 128,
    "fields": {
      "name": "Can view room",
      "content_type": 32,
      "codename": "view_room"
    }
  },
  {
    "model": "auth.permission",
    "pk": 129,
    "fields": {
      "name": "Can add note",
      "content_type": 33,
      "codename": "add_note"
    }
  },
  {
    "model": "auth.permission",
    "pk": 130,
    "fields": {
      "name": "Can change note",
      "content_type": 33,
      "codename": "change_note"
    }
  },
  {
    "model": "auth.permission",
    "pk": 131,
    "fields": {
      "name": "Can delete note",
      "content_type": 33,
      "codename": "delete_note"
    }
  },
  {
    "model": "auth.permission",
    "pk": 132,
    "fields": {
      "name": "Can view note",
      "content_type": 33,
      "codename": "view_note"
    }
  },
  {
    "model": "auth.permission",
    "pk": 133,
    "fields": {
      "name": "Can add attendee",
      "content_type": 34,
      "codename": "add_attendee"
    }
  },
  {
    "model": "auth.permission",
    "pk": 134,
    "fields": {
      "name": "Can change attendee",
      "content_type": 34,
      "codename": "change_attendee"
    }
  },
  {
    "model": "auth.permission",
    "pk": 135,
    "fields": {
      "name": "Can delete attendee",
      "content_type": 34,
      "codename": "delete_attendee"
    }
  },
  {
    "model": "auth.permission",
    "pk": 136,
    "fields": {
      "name": "Can view attendee",
      "content_type": 34,
      "codename": "view_attendee"
    }
  },
  {
    "model": "auth.permission",
    "pk": 137,
    "fields": {
      "name": "Can add relationship",
      "content_type": 35,
      "codename": "add_relationship"
    }
  },
  {
    "model": "auth.permission",
    "pk": 138,
    "fields": {
      "name": "Can change relationship",
      "content_type": 35,
      "codename": "change_relationship"
    }
  },
  {
    "model": "auth.permission",
    "pk": 139,
    "fields": {
      "name": "Can delete relationship",
      "content_type": 35,
      "codename": "delete_relationship"
    }
  },
  {
    "model": "auth.permission",
    "pk": 140,
    "fields": {
      "name": "Can view relationship",
      "content_type": 35,
      "codename": "view_relationship"
    }
  },
  {
    "model": "auth.permission",
    "pk": 141,
    "fields": {
      "name": "Can add registration",
      "content_type": 36,
      "codename": "add_registration"
    }
  },
  {
    "model": "auth.permission",
    "pk": 142,
    "fields": {
      "name": "Can change registration",
      "content_type": 36,
      "codename": "change_registration"
    }
  },
  {
    "model": "auth.permission",
    "pk": 143,
    "fields": {
      "name": "Can delete registration",
      "content_type": 36,
      "codename": "delete_registration"
    }
  },
  {
    "model": "auth.permission",
    "pk": 144,
    "fields": {
      "name": "Can view registration",
      "content_type": 36,
      "codename": "view_registration"
    }
  },
  {
    "model": "auth.permission",
    "pk": 145,
    "fields": {
      "name": "Can add attending",
      "content_type": 37,
      "codename": "add_attending"
    }
  },
  {
    "model": "auth.permission",
    "pk": 146,
    "fields": {
      "name": "Can change attending",
      "content_type": 37,
      "codename": "change_attending"
    }
  },
  {
    "model": "auth.permission",
    "pk": 147,
    "fields": {
      "name": "Can delete attending",
      "content_type": 37,
      "codename": "delete_attending"
    }
  },
  {
    "model": "auth.permission",
    "pk": 148,
    "fields": {
      "name": "Can view attending",
      "content_type": 37,
      "codename": "view_attending"
    }
  },
  {
    "model": "auth.permission",
    "pk": 149,
    "fields": {
      "name": "Can add attending division",
      "content_type": 38,
      "codename": "add_attendingdivision"
    }
  },
  {
    "model": "auth.permission",
    "pk": 150,
    "fields": {
      "name": "Can change attending division",
      "content_type": 38,
      "codename": "change_attendingdivision"
    }
  },
  {
    "model": "auth.permission",
    "pk": 151,
    "fields": {
      "name": "Can delete attending division",
      "content_type": 38,
      "codename": "delete_attendingdivision"
    }
  },
  {
    "model": "auth.permission",
    "pk": 152,
    "fields": {
      "name": "Can view attending division",
      "content_type": 38,
      "codename": "view_attendingdivision"
    }
  },
  {
    "model": "auth.permission",
    "pk": 153,
    "fields": {
      "name": "Can add attendee address",
      "content_type": 39,
      "codename": "add_attendeeaddress"
    }
  },
  {
    "model": "auth.permission",
    "pk": 154,
    "fields": {
      "name": "Can change attendee address",
      "content_type": 39,
      "codename": "change_attendeeaddress"
    }
  },
  {
    "model": "auth.permission",
    "pk": 155,
    "fields": {
      "name": "Can delete attendee address",
      "content_type": 39,
      "codename": "delete_attendeeaddress"
    }
  },
  {
    "model": "auth.permission",
    "pk": 156,
    "fields": {
      "name": "Can view attendee address",
      "content_type": 39,
      "codename": "view_attendeeaddress"
    }
  },
  {
    "model": "auth.permission",
    "pk": 157,
    "fields": {
      "name": "Can add assembly",
      "content_type": 40,
      "codename": "add_assembly"
    }
  },
  {
    "model": "auth.permission",
    "pk": 158,
    "fields": {
      "name": "Can change assembly",
      "content_type": 40,
      "codename": "change_assembly"
    }
  },
  {
    "model": "auth.permission",
    "pk": 159,
    "fields": {
      "name": "Can delete assembly",
      "content_type": 40,
      "codename": "delete_assembly"
    }
  },
  {
    "model": "auth.permission",
    "pk": 160,
    "fields": {
      "name": "Can view assembly",
      "content_type": 40,
      "codename": "view_assembly"
    }
  },
  {
    "model": "auth.permission",
    "pk": 161,
    "fields": {
      "name": "Can add assembly address",
      "content_type": 41,
      "codename": "add_assemblyaddress"
    }
  },
  {
    "model": "auth.permission",
    "pk": 162,
    "fields": {
      "name": "Can change assembly address",
      "content_type": 41,
      "codename": "change_assemblyaddress"
    }
  },
  {
    "model": "auth.permission",
    "pk": 163,
    "fields": {
      "name": "Can delete assembly address",
      "content_type": 41,
      "codename": "delete_assemblyaddress"
    }
  },
  {
    "model": "auth.permission",
    "pk": 164,
    "fields": {
      "name": "Can view assembly address",
      "content_type": 41,
      "codename": "view_assemblyaddress"
    }
  },
  {
    "model": "auth.permission",
    "pk": 165,
    "fields": {
      "name": "Can add price",
      "content_type": 42,
      "codename": "add_price"
    }
  },
  {
    "model": "auth.permission",
    "pk": 166,
    "fields": {
      "name": "Can change price",
      "content_type": 42,
      "codename": "change_price"
    }
  },
  {
    "model": "auth.permission",
    "pk": 167,
    "fields": {
      "name": "Can delete price",
      "content_type": 42,
      "codename": "delete_price"
    }
  },
  {
    "model": "auth.permission",
    "pk": 168,
    "fields": {
      "name": "Can view price",
      "content_type": 42,
      "codename": "view_price"
    }
  },
  {
    "model": "auth.permission",
    "pk": 169,
    "fields": {
      "name": "Can add character",
      "content_type": 43,
      "codename": "add_character"
    }
  },
  {
    "model": "auth.permission",
    "pk": 170,
    "fields": {
      "name": "Can change character",
      "content_type": 43,
      "codename": "change_character"
    }
  },
  {
    "model": "auth.permission",
    "pk": 171,
    "fields": {
      "name": "Can delete character",
      "content_type": 43,
      "codename": "delete_character"
    }
  },
  {
    "model": "auth.permission",
    "pk": 172,
    "fields": {
      "name": "Can view character",
      "content_type": 43,
      "codename": "view_character"
    }
  },
  {
    "model": "auth.permission",
    "pk": 173,
    "fields": {
      "name": "Can add meet",
      "content_type": 44,
      "codename": "add_meet"
    }
  },
  {
    "model": "auth.permission",
    "pk": 174,
    "fields": {
      "name": "Can change meet",
      "content_type": 44,
      "codename": "change_meet"
    }
  },
  {
    "model": "auth.permission",
    "pk": 175,
    "fields": {
      "name": "Can delete meet",
      "content_type": 44,
      "codename": "delete_meet"
    }
  },
  {
    "model": "auth.permission",
    "pk": 176,
    "fields": {
      "name": "Can view meet",
      "content_type": 44,
      "codename": "view_meet"
    }
  },
  {
    "model": "auth.permission",
    "pk": 177,
    "fields": {
      "name": "Can add gathering",
      "content_type": 45,
      "codename": "add_gathering"
    }
  },
  {
    "model": "auth.permission",
    "pk": 178,
    "fields": {
      "name": "Can change gathering",
      "content_type": 45,
      "codename": "change_gathering"
    }
  },
  {
    "model": "auth.permission",
    "pk": 179,
    "fields": {
      "name": "Can delete gathering",
      "content_type": 45,
      "codename": "delete_gathering"
    }
  },
  {
    "model": "auth.permission",
    "pk": 180,
    "fields": {
      "name": "Can view gathering",
      "content_type": 45,
      "codename": "view_gathering"
    }
  },
  {
    "model": "auth.permission",
    "pk": 181,
    "fields": {
      "name": "Can add team",
      "content_type": 46,
      "codename": "add_team"
    }
  },
  {
    "model": "auth.permission",
    "pk": 182,
    "fields": {
      "name": "Can change team",
      "content_type": 46,
      "codename": "change_team"
    }
  },
  {
    "model": "auth.permission",
    "pk": 183,
    "fields": {
      "name": "Can delete team",
      "content_type": 46,
      "codename": "delete_team"
    }
  },
  {
    "model": "auth.permission",
    "pk": 184,
    "fields": {
      "name": "Can view team",
      "content_type": 46,
      "codename": "view_team"
    }
  },
  {
    "model": "auth.permission",
    "pk": 185,
    "fields": {
      "name": "Can add participation",
      "content_type": 47,
      "codename": "add_participation"
    }
  },
  {
    "model": "auth.permission",
    "pk": 186,
    "fields": {
      "name": "Can change participation",
      "content_type": 47,
      "codename": "change_participation"
    }
  },
  {
    "model": "auth.permission",
    "pk": 187,
    "fields": {
      "name": "Can delete participation",
      "content_type": 47,
      "codename": "delete_participation"
    }
  },
  {
    "model": "auth.permission",
    "pk": 188,
    "fields": {
      "name": "Can view participation",
      "content_type": 47,
      "codename": "view_participation"
    }
  },
  {
    "model": "auth.group",
    "pk": 1,
    "fields": {
      "name": "children_organizer",
      "permissions": [
        26,
        28,
        24,
        8,
        4,
        69,
        70,
        71,
        72,
        157,
        158,
        159,
        160,
        161,
        162,
        163,
        164,
        169,
        170,
        171,
        172,
        177,
        178,
        179,
        180,
        173,
        174,
        175,
        176,
        185,
        186,
        187,
        188,
        165,
        166,
        167,
        168,
        181,
        182,
        183,
        184,
        133,
        134,
        135,
        136,
        153,
        154,
        155,
        156,
        145,
        146,
        147,
        148,
        149,
        150,
        151,
        152,
        129,
        130,
        131,
        132,
        141,
        142,
        143,
        144,
        137,
        138,
        139,
        140,
        76,
        77,
        78,
        79,
        80,
        81,
        82,
        83,
        84,
        85,
        86,
        87,
        88,
        89,
        90,
        91,
        92,
        93,
        94,
        96,
        100,
        109,
        110,
        111,
        112,
        113,
        114,
        116,
        105,
        106,
        108,
        104,
        117,
        118,
        120,
        125,
        126,
        127,
        128,
        121,
        122,
        123,
        124
      ]
    }
  },
  {
    "model": "auth.group",
    "pk": 2,
    "fields": {
      "name": "children_coworker",
      "permissions": [
        28,
        69,
        70,
        71,
        72,
        157,
        158,
        160,
        161,
        162,
        163,
        164,
        169,
        170,
        171,
        172,
        177,
        178,
        179,
        180,
        173,
        174,
        175,
        176,
        185,
        186,
        187,
        188,
        165,
        166,
        167,
        168,
        181,
        182,
        183,
        184,
        133,
        134,
        135,
        136,
        153,
        154,
        155,
        156,
        145,
        146,
        147,
        148,
        149,
        150,
        151,
        152,
        129,
        130,
        131,
        132,
        141,
        142,
        143,
        144,
        137,
        138,
        139,
        140,
        76,
        80,
        82,
        84,
        86,
        88,
        89,
        90,
        91,
        92,
        96,
        100,
        109,
        112,
        113,
        115,
        116,
        108,
        104,
        117,
        118,
        120,
        125,
        126,
        127,
        128,
        121,
        122,
        123,
        124
      ]
    }
  },
  {
    "model": "persons.attendee",
    "pk": 1,
    "fields": {
      "created": "2020-02-04T15:52:11.163Z",
      "modified": "2020-02-17T16:07:35.999Z",
      "is_removed": false,
      "user": 1,
      "first_name": "superuser1",
      "last_name": "system admin1",
      "first_name2": null,
      "last_name2": null,
      "other_name": null,
      "public_name": "root",
      "gender": "MALE",
      "actual_birthday": null,
      "estimated_birthday": null,
      "concerns": {}
    }
  },
  {
    "model": "persons.attendee",
    "pk": 2,
    "fields": {
      "created": "2020-02-04T15:54:39.007Z",
      "modified": "2020-02-17T15:32:39.586Z",
      "is_removed": false,
      "user": null,
      "first_name": "\u590f\u7532",
      "last_name": "Hagar",
      "first_name2": null,
      "last_name2": null,
      "other_name": null,
      "public_name": null,
      "gender": "FEMALE",
      "actual_birthday": null,
      "estimated_birthday": null,
      "concerns": {}
    }
  },
  {
    "model": "persons.attendee",
    "pk": 3,
    "fields": {
      "created": "2020-02-04T15:55:13.017Z",
      "modified": "2020-02-17T15:34:19.319Z",
      "is_removed": false,
      "user": null,
      "first_name": "\u4ee5\u5be6\u746a\u5229",
      "last_name": "Ishmael",
      "first_name2": null,
      "last_name2": null,
      "other_name": null,
      "public_name": "\u5927\u5bf6",
      "gender": "MALE",
      "actual_birthday": null,
      "estimated_birthday": "2010-02-04T17:07:51Z",
      "concerns": {}
    }
  },
  {
    "model": "persons.attendee",
    "pk": 4,
    "fields": {
      "created": "2020-02-05T05:25:13.253Z",
      "modified": "2020-02-17T16:06:33.700Z",
      "is_removed": false,
      "user": null,
      "first_name": "John",
      "last_name": "\u7d04\u7ff0",
      "first_name2": null,
      "last_name2": null,
      "other_name": null,
      "public_name": "\u4f7f\u5f92\u7d04\u7ff0",
      "gender": "MALE",
      "actual_birthday": null,
      "estimated_birthday": null,
      "concerns": {}
    }
  },
  {
    "model": "persons.attendee",
    "pk": 5,
    "fields": {
      "created": "2020-02-05T05:25:33.450Z",
      "modified": "2020-02-17T17:38:12.853Z",
      "is_removed": false,
      "user": null,
      "first_name": "\u4e9e\u6bd4\u8a72",
      "last_name": "Abigail",
      "first_name2": "\u4e9e\u6bd4\u8a72",
      "last_name2": null,
      "other_name": null,
      "public_name": "\u8001\u59ca",
      "gender": "FEMALE",
      "actual_birthday": null,
      "estimated_birthday": null,
      "concerns": {}
    }
  },
  {
    "model": "persons.attendee",
    "pk": 6,
    "fields": {
      "created": "2020-02-05T05:26:23.058Z",
      "modified": "2020-02-17T17:40:02.252Z",
      "is_removed": false,
      "user": null,
      "first_name": "\u5e95\u6ce2\u62c9",
      "last_name": "Deborah",
      "first_name2": "\u5e95\u6ce2\u62c9",
      "last_name2": null,
      "other_name": null,
      "public_name": "\u6230\u795e\u4e48\u4e48",
      "gender": "FEMALE",
      "actual_birthday": null,
      "estimated_birthday": null,
      "concerns": {}
    }
  },
  {
    "model": "persons.attendee",
    "pk": 7,
    "fields": {
      "created": "2020-02-05T05:26:50.151Z",
      "modified": "2020-02-17T17:35:59.129Z",
      "is_removed": false,
      "user": null,
      "first_name": "Elizabeth",
      "last_name": "\u4ee5\u5229\u6c99\u4f2f",
      "first_name2": null,
      "last_name2": null,
      "other_name": null,
      "public_name": null,
      "gender": "FEMALE",
      "actual_birthday": null,
      "estimated_birthday": null,
      "concerns": {}
    }
  },
  {
    "model": "persons.attendee",
    "pk": 8,
    "fields": {
      "created": "2020-02-05T05:27:08.830Z",
      "modified": "2020-02-17T17:39:05.213Z",
      "is_removed": false,
      "user": null,
      "first_name": null,
      "last_name": "\u9a62\u5b50",
      "first_name2": null,
      "last_name2": null,
      "other_name": null,
      "public_name": null,
      "gender": "UNSPECIFIED",
      "actual_birthday": null,
      "estimated_birthday": null,
      "concerns": {}
    }
  },
  {
    "model": "persons.attendee",
    "pk": 9,
    "fields": {
      "created": "2020-02-05T05:28:47.609Z",
      "modified": "2020-02-17T15:39:33.438Z",
      "is_removed": false,
      "user": null,
      "first_name": "\u4ee5\u65af\u5e16",
      "last_name": "Esther",
      "first_name2": null,
      "last_name2": null,
      "other_name": null,
      "public_name": "\u7687\u540e",
      "gender": "FEMALE",
      "actual_birthday": null,
      "estimated_birthday": null,
      "concerns": {}
    }
  },
  {
    "model": "persons.attendee",
    "pk": 10,
    "fields": {
      "created": "2020-02-05T05:29:13.579Z",
      "modified": "2020-02-17T17:33:59.578Z",
      "is_removed": false,
      "user": null,
      "first_name": "\u53c3\u5b6b",
      "last_name": "Samson",
      "first_name2": "\u53c3\u5b6b",
      "last_name2": null,
      "other_name": null,
      "public_name": "\u5f1f\u5144",
      "gender": "MALE",
      "actual_birthday": null,
      "estimated_birthday": null,
      "concerns": {}
    }
  },
  {
    "model": "persons.attendee",
    "pk": 11,
    "fields": {
      "created": "2020-02-09T03:35:25.372Z",
      "modified": "2020-02-17T17:34:46.980Z",
      "is_removed": false,
      "user": null,
      "first_name": "Lydia",
      "last_name": "\u5442\u5e95\u4e9e",
      "first_name2": null,
      "last_name2": null,
      "other_name": "\u63a8\u96c5\u63a8\u5587\u7684\u5442\u5e95\u4e9e",
      "public_name": null,
      "gender": "FEMALE",
      "actual_birthday": null,
      "estimated_birthday": null,
      "concerns": {}
    }
  },
  {
    "model": "schedule.event",
    "pk": 1,
    "fields": {
      "start": "2020-02-09T18:00:00Z",
      "end": "2020-02-09T20:00:00Z",
      "title": "Kid Sunday School",
      "description": "",
      "creator": null,
      "created_on": "2020-02-08T23:17:26.088Z",
      "updated_on": "2020-02-08T23:17:26.088Z",
      "rule": 1,
      "end_recurring_period": "2030-02-09T02:51:08Z",
      "calendar": 1,
      "color_event": "#000000"
    }
  }
]
