[
  {
    "model": "schedule.calendar",
    "pk": 1,
    "fields": {
      "name": "CFCC Calendar",
      "slug": "cfcc-calendar"
    }
  },
  {
    "model": "schedule.rule",
    "pk": 1,
    "fields": {
      "name": "Weekly",
      "description": "Weekly",
      "frequency": "WEEKLY",
      "params": ""
    }
  },
  {
    "model": "schedule.eventrelation",
    "pk": 1,
    "fields": {
      "event": 1,
      "content_type": 46,
      "object_id": 1,
      "distinction": "normal"
    }
  },
  {
    "model": "users.menu",
    "pk": 1,
    "fields": {
      "created": "2020-04-13T04:34:36.681Z",
      "modified": "2020-04-26T18:13:41.253Z",
      "is_removed": false,
      "organization": 1,
      "category": "main",
      "parent": null,
      "html_type": "a",
      "urn": "#",
      "url_name": "My-Info",
      "display_name": "My Info \u76f8\u95dc\u884c\u7a0b",
      "display_order": 1000,
      "infos": {
        "role": "tab",
        "class": "nav-link dropdown-toggle",
        "data-toggle": "dropdown",
        "aria-expanded": "false",
        "aria-haspopup": "true"
      },
      "lft": 1,
      "rght": 10,
      "tree_id": 1,
      "level": 0
    }
  },
  {
    "model": "users.menu",
    "pk": 2,
    "fields": {
      "created": "2020-04-13T04:45:48.466Z",
      "modified": "2020-04-26T18:16:02.214Z",
      "is_removed": false,
      "organization": 1,
      "category": "main",
      "parent": 1,
      "html_type": "a",
      "urn": "/occasions/datagrid_coworker_organization_attendances/",
      "url_name": "datagrid_coworker_organization_attendances",
      "display_name": "Coworkers activities \u540c\u5de5\u884c\u7a0b",
      "display_order": 1400,
      "infos": {
        "class": "dropdown-item",
        "title": "Coworkers Activities"
      },
      "lft": 8,
      "rght": 9,
      "tree_id": 1,
      "level": 1
    }
  },
  {
    "model": "users.menu",
    "pk": 3,
    "fields": {
      "created": "2020-04-13T04:51:13.160Z",
      "modified": "2020-04-26T18:16:15.179Z",
      "is_removed": false,
      "organization": 1,
      "category": "main",
      "parent": 1,
      "html_type": "a",
      "urn": "/occasions/datagrid_user_organization_attendances/",
      "url_name": "datagrid_user_organization_attendances",
      "display_name": "My activities \u500b\u4eba\u884c\u7a0b",
      "display_order": 1300,
      "infos": {
        "class": "dropdown-item",
        "title": "My Activities"
      },
      "lft": 6,
      "rght": 7,
      "tree_id": 1,
      "level": 1
    }
  },
  {
    "model": "users.menu",
    "pk": 4,
    "fields": {
      "created": "2020-04-13T05:09:06.273Z",
      "modified": "2020-04-26T18:14:42.372Z",
      "is_removed": false,
      "organization": 1,
      "category": "main",
      "parent": null,
      "html_type": "a",
      "urn": "#",
      "url_name": "Children-Ministry",
      "display_name": "Children Ministry \u5152\u7ae5\u90e8",
      "display_order": 2000,
      "infos": {
        "role": "tab",
        "class": "nav-link dropdown-toggle",
        "data-toggle": "dropdown",
        "aria-expanded": "false",
        "aria-haspopup": "true"
      },
      "lft": 1,
      "rght": 8,
      "tree_id": 2,
      "level": 0
    }
  },
  {
    "model": "users.menu",
    "pk": 5,
    "fields": {
      "created": "2020-04-13T05:12:20.438Z",
      "modified": "2020-04-26T18:16:36.469Z",
      "is_removed": false,
      "organization": 1,
      "category": "main",
      "parent": 1,
      "html_type": "a",
      "urn": "#",
      "url_name": "Registration-updates",
      "display_name": "Registration/updates \u8a3b\u518a/\u66f4\u65b0",
      "display_order": 1100,
      "infos": {
        "class": "dropdown-item"
      },
      "lft": 2,
      "rght": 3,
      "tree_id": 1,
      "level": 1
    }
  },
  {
    "model": "users.menu",
    "pk": 6,
    "fields": {
      "created": "2020-04-13T05:14:05.406Z",
      "modified": "2020-04-26T18:28:28.736Z",
      "is_removed": false,
      "organization": 1,
      "category": "main",
      "parent": 4,
      "html_type": "a",
      "urn": "/persons/cfcc-children-ministry/cfcc-junior-regular-activity/datagrid_assembly_all_attendings/?characters=d7c8Fd-cfcc-kid-student",
      "url_name": "datagrid_assembly_all_attendings",
      "display_name": "regular-kid attending \u4e00\u822c\u6d3b\u52d5\u53c3\u8207",
      "display_order": 2300,
      "infos": {
        "class": "dropdown-item",
        "title": "Student Roaster"
      },
      "lft": 2,
      "rght": 3,
      "tree_id": 2,
      "level": 1
    }
  },
  {
    "model": "users.menu",
    "pk": 7,
    "fields": {
      "created": "2020-04-13T05:17:33.909Z",
      "modified": "2020-04-26T18:28:43.332Z",
      "is_removed": false,
      "organization": 1,
      "category": "main",
      "parent": 4,
      "html_type": "a",
      "urn": "/occasions/cfcc-children-ministry/cfcc-junior-regular-activity/datagrid_assembly_all_attendances/",
      "url_name": "datagrid_assembly_all_attendances",
      "display_name": "regular-kid attendances \u4e00\u822c\u6d3b\u52d5\u51fa\u5e2d",
      "display_order": 2500,
      "infos": {
        "class": "dropdown-item",
        "title": "Leader List"
      },
      "lft": 6,
      "rght": 7,
      "tree_id": 2,
      "level": 1
    }
  },
  {
    "model": "users.menu",
    "pk": 10,
    "fields": {
      "created": "2020-04-17T16:56:21.296Z",
      "modified": "2020-04-26T18:20:15.428Z",
      "is_removed": false,
      "organization": 1,
      "category": "main",
      "parent": 1,
      "html_type": "div",
      "urn": null,
      "url_name": "divider-between-registration-activities",
      "display_name": "divider between registration&activities",
      "display_order": 1200,
      "infos": {
        "class": "dropdown-divider"
      },
      "lft": 4,
      "rght": 5,
      "tree_id": 1,
      "level": 1
    }
  },
  {
    "model": "users.menu",
    "pk": 11,
    "fields": {
      "created": "2020-04-17T16:58:47.210Z",
      "modified": "2020-04-17T16:58:47.210Z",
      "is_removed": false,
      "organization": 1,
      "category": "main",
      "parent": 4,
      "html_type": "div",
      "urn": null,
      "url_name": "divider-between-participation-attendances",
      "display_name": "divider between participation & attendance date",
      "display_order": 2400,
      "infos": {
        "class": "dropdown-divider"
      },
      "lft": 4,
      "rght": 5,
      "tree_id": 2,
      "level": 1
    }
  },
  {
    "model": "whereabouts.organization",
    "pk": 1,
    "fields": {
      "created": "2020-04-11T18:15:06.495Z",
      "modified": "2020-04-12T06:00:08.781Z",
      "is_removed": false,
      "slug": "d7c8Fd-cfcc-hayward",
      "display_name": "Chinese for Christ Church of Hayward",
      "hostname": "192.168.99.100"
    }
  },
  {
    "model": "whereabouts.organization",
    "pk": 2,
    "fields": {
      "created": "2020-04-11T18:15:20.284Z",
      "modified": "2020-04-12T05:55:41.743Z",
      "is_removed": false,
      "slug": "faBd6C-heaven",
      "display_name": "\u5929\u5802",
      "hostname": "heaven.heaven"
    }
  },
  {
    "model": "whereabouts.address",
    "pk": 1,
    "fields": {
      "created": "2020-04-11T18:20:51.529Z",
      "modified": "2020-04-11T18:20:51.529Z",
      "is_removed": false,
      "display_name": "cfcc_hayward_main",
      "email1": "haywardchurch@yahoo.com",
      "email2": "church.office@cfcchayward.org",
      "phone1": "510-581-1630",
      "phone2": "111-111-1111",
      "address_type": "street",
      "street1": "22416 Meekland Ave.",
      "street2": null,
      "city": "Hayward",
      "state": "CA",
      "zip_code": "94541",
      "url": "https://chineseforchristchurch.org/",
      "fields": {}
    }
  },
  {
    "model": "whereabouts.address",
    "pk": 2,
    "fields": {
      "created": "2020-04-11T18:21:36.525Z",
      "modified": "2020-04-11T18:21:36.525Z",
      "is_removed": false,
      "display_name": "Burbank Elementary School",
      "email1": null,
      "email2": null,
      "phone1": "222-222-2222",
      "phone2": "+1-222-222-2222",
      "address_type": "street",
      "street1": "222 Burbank St.",
      "street2": null,
      "city": "Hayward",
      "state": "CA",
      "zip_code": "94541",
      "url": "https://www.thecrossing.website/",
      "fields": {}
    }
  },
  {
    "model": "whereabouts.address",
    "pk": 3,
    "fields": {
      "created": "2020-04-11T18:22:32.505Z",
      "modified": "2020-04-11T18:22:32.505Z",
      "is_removed": false,
      "display_name": "Hagar's place",
      "email1": "3prettya@email.com",
      "email2": "3prettyb@email.com",
      "phone1": "333-333-3333",
      "phone2": "+1-333-333-3333",
      "address_type": "street",
      "street1": "1 pretty st.",
      "street2": null,
      "city": "pretty place",
      "state": "CA",
      "zip_code": "11111",
      "url": null,
      "fields": {}
    }
  },
  {
    "model": "whereabouts.address",
    "pk": 4,
    "fields": {
      "created": "2020-04-11T18:23:10.733Z",
      "modified": "2020-04-11T18:23:10.733Z",
      "is_removed": false,
      "display_name": null,
      "email1": "4gooda@email.com",
      "email2": "4goodb@email.com",
      "phone1": "444-444-4444",
      "phone2": "+1-444-444-4444",
      "address_type": "street",
      "street1": "2 good street",
      "street2": null,
      "city": "god town",
      "state": "CA",
      "zip_code": "22222",
      "url": null,
      "fields": {}
    }
  },
  {
    "model": "whereabouts.address",
    "pk": 5,
    "fields": {
      "created": "2020-04-11T18:23:51.688Z",
      "modified": "2020-04-11T18:23:51.688Z",
      "is_removed": false,
      "display_name": null,
      "email1": "5greata@email.com",
      "email2": "5greatb@email.com",
      "phone1": "555-555-5555",
      "phone2": "+1-555-555-5555",
      "address_type": "street",
      "street1": "3 great rd",
      "street2": null,
      "city": "great town",
      "state": "CA",
      "zip_code": "33333",
      "url": null,
      "fields": {}
    }
  },
  {
    "model": "whereabouts.address",
    "pk": 6,
    "fields": {
      "created": "2020-04-11T18:24:29.705Z",
      "modified": "2020-04-11T18:24:29.705Z",
      "is_removed": false,
      "display_name": null,
      "email1": "6coola@email.com",
      "email2": "6coolb@email.com",
      "phone1": "666-666-6666",
      "phone2": "+1-666-666-6666",
      "address_type": "street",
      "street1": "4 cool lane",
      "street2": null,
      "city": "cool city",
      "state": "CA",
      "zip_code": "44444",
      "url": null,
      "fields": {}
    }
  },
  {
    "model": "whereabouts.address",
    "pk": 7,
    "fields": {
      "created": "2020-04-11T18:26:10.767Z",
      "modified": "2020-04-11T18:26:10.767Z",
      "is_removed": false,
      "display_name": null,
      "email1": "7excellenta@email.com",
      "email2": "7excellentb@email.com",
      "phone1": "777-777-7777",
      "phone2": "+1-777-777-7777",
      "address_type": "street",
      "street1": "5 excellent ct",
      "street2": null,
      "city": "excellent village",
      "state": "CA",
      "zip_code": "55555",
      "url": null,
      "fields": {}
    }
  },
  {
    "model": "whereabouts.address",
    "pk": 8,
    "fields": {
      "created": "2020-04-11T18:27:19.494Z",
      "modified": "2020-04-11T18:27:19.494Z",
      "is_removed": false,
      "display_name": null,
      "email1": "8beautifula@email.com",
      "email2": "8beautifulb@email.com",
      "phone1": "888-888-8888",
      "phone2": "+1-888-888-8888",
      "address_type": "street",
      "street1": "6 beautiful dr",
      "street2": null,
      "city": "beautiful view",
      "state": "CA",
      "zip_code": "66666",
      "url": null,
      "fields": {}
    }
  },
  {
    "model": "whereabouts.address",
    "pk": 9,
    "fields": {
      "created": "2020-04-11T18:31:54.276Z",
      "modified": "2020-04-11T18:31:54.276Z",
      "is_removed": false,
      "display_name": "\u65b0\u5929\u65b0\u5730",
      "email1": "9thronea@email.com",
      "email2": "9throneb@email.com",
      "phone1": "999-999-9999",
      "phone2": "+1-999-999-9999",
      "address_type": "street",
      "street1": "7 throne way",
      "street2": null,
      "city": "heaven",
      "state": "GG",
      "zip_code": "99999",
      "url": null,
      "fields": {}
    }
  },
  {
    "model": "whereabouts.address",
    "pk": 10,
    "fields": {
      "created": "2020-04-20T16:36:06.375Z",
      "modified": "2020-04-20T16:40:03.539Z",
      "is_removed": false,
      "display_name": "short mission trip address",
      "email1": null,
      "email2": null,
      "phone1": null,
      "phone2": null,
      "address_type": "street",
      "street1": "8 Ketagalan Boulevard",
      "street2": null,
      "city": "Pescadores Islands",
      "state": "TW",
      "zip_code": null,
      "url": null,
      "fields": {}
    }
  },
  {
    "model": "whereabouts.campus",
    "pk": 1,
    "fields": {
      "created": "2020-04-11T18:32:56.905Z",
      "modified": "2020-04-20T15:51:11.200Z",
      "is_removed": false,
      "display_name": "Main",
      "slug": "d7c8Fd-main",
      "address": 1
    }
  },
  {
    "model": "whereabouts.campus",
    "pk": 2,
    "fields": {
      "created": "2020-04-11T18:33:36.875Z",
      "modified": "2020-04-20T15:51:39.797Z",
      "is_removed": false,
      "display_name": "\u5929\u4e0a",
      "slug": "faBd6C-sky",
      "address": 9
    }
  },
  {
    "model": "whereabouts.property",
    "pk": 1,
    "fields": {
      "created": "2020-04-11T18:33:59.401Z",
      "modified": "2020-04-11T18:33:59.401Z",
      "is_removed": false,
      "display_name": "Fellowship Hall",
      "slug": "fellowship-hall",
      "address": 1,
      "campus": 1
    }
  },
  {
    "model": "whereabouts.property",
    "pk": 2,
    "fields": {
      "created": "2020-04-11T18:34:25.579Z",
      "modified": "2020-04-11T18:34:25.579Z",
      "is_removed": false,
      "display_name": "\u820a\u4e3b\u5802",
      "slug": "old-main-sanctuary",
      "address": 1,
      "campus": 1
    }
  },
  {
    "model": "whereabouts.suite",
    "pk": 1,
    "fields": {
      "created": "2020-04-11T18:35:21.186Z",
      "modified": "2020-04-11T18:35:21.186Z",
      "is_removed": false,
      "display_name": "\u526f\u58022\u6a13",
      "slug": "fellowship-2f",
      "property": 1,
      "site": "2F"
    }
  },
  {
    "model": "whereabouts.room",
    "pk": 1,
    "fields": {
      "created": "2020-04-11T18:35:55.012Z",
      "modified": "2020-04-11T18:35:55.012Z",
      "is_removed": false,
      "display_name": "207F",
      "slug": "207f",
      "suite": 1,
      "label": "F",
      "accessibility": 100
    }
  },
  {
    "model": "persons.family",
    "pk": 10001,
    "fields": {
      "created": "2020-05-02T21:17:26.399Z",
      "modified": "2020-05-02T21:40:25.209Z",
      "is_removed": false,
      "slug": "hagar-ishmael",
      "display_name": "Hagar & Ishmael",
      "display_order": 0
    }
  },
  {
    "model": "persons.family",
    "pk": 10002,
    "fields": {
      "created": "2020-05-02T22:02:57.456Z",
      "modified": "2020-05-02T22:02:57.456Z",
      "is_removed": false,
      "slug": "abraham-sarah",
      "display_name": "Abraham & Sarah",
      "display_order": 0
    }
  },
  {
    "model": "persons.familyattendee",
    "pk": 1,
    "fields": {
      "created": "2020-05-02T21:17:26.404Z",
      "modified": "2020-05-02T21:17:26.404Z",
      "is_removed": false,
      "family": 10001,
      "attendee": 2,
      "role": 2,
      "display_order": 1
    }
  },
  {
    "model": "persons.familyattendee",
    "pk": 2,
    "fields": {
      "created": "2020-05-02T21:17:26.405Z",
      "modified": "2020-05-02T21:17:26.405Z",
      "is_removed": false,
      "family": 10001,
      "attendee": 3,
      "role": 3,
      "display_order": 2
    }
  },
  {
    "model": "persons.familyattendee",
    "pk": 3,
    "fields": {
      "created": "2020-05-02T21:40:25.188Z",
      "modified": "2020-05-02T21:40:25.188Z",
      "is_removed": false,
      "family": 10001,
      "attendee": 13,
      "role": 1,
      "display_order": 0
    }
  },
  {
    "model": "persons.familyattendee",
    "pk": 4,
    "fields": {
      "created": "2020-05-02T22:02:57.464Z",
      "modified": "2020-05-02T22:02:57.464Z",
      "is_removed": false,
      "family": 10002,
      "attendee": 13,
      "role": 1,
      "display_order": 0
    }
  },
  {
    "model": "persons.familyattendee",
    "pk": 5,
    "fields": {
      "created": "2020-05-02T22:02:57.465Z",
      "modified": "2020-05-02T22:02:57.465Z",
      "is_removed": false,
      "family": 10002,
      "attendee": 14,
      "role": 2,
      "display_order": 1
    }
  },
  {
    "model": "persons.familyattendee",
    "pk": 6,
    "fields": {
      "created": "2020-05-02T22:02:57.465Z",
      "modified": "2020-05-02T22:02:57.465Z",
      "is_removed": false,
      "family": 10002,
      "attendee": 12,
      "role": 3,
      "display_order": 2
    }
  },
  {
    "model": "persons.relation",
    "pk": 1,
    "fields": {
      "created": "2020-04-30T15:12:17.523Z",
      "modified": "2020-04-30T15:33:34.840Z",
      "is_removed": false,
      "reciprocal_ids": "[\"3\", \"4\"]",
      "title": "father",
      "display_order": 20,
      "emergency_contact": true,
      "scheduler": true,
      "relative": true
    }
  },
  {
    "model": "persons.relation",
    "pk": 2,
    "fields": {
      "created": "2020-04-30T15:12:27.483Z",
      "modified": "2020-04-30T15:33:38.691Z",
      "is_removed": false,
      "reciprocal_ids": "[\"3\", \"4\"]",
      "title": "mother",
      "display_order": 20,
      "emergency_contact": true,
      "scheduler": true,
      "relative": true
    }
  },
  {
    "model": "persons.relation",
    "pk": 3,
    "fields": {
      "created": "2020-04-30T15:14:23.159Z",
      "modified": "2020-04-30T15:33:29.864Z",
      "is_removed": false,
      "reciprocal_ids": "[\"1\", \"2\"]",
      "title": "son",
      "display_order": 20,
      "emergency_contact": true,
      "scheduler": false,
      "relative": true
    }
  },
  {
    "model": "persons.relation",
    "pk": 4,
    "fields": {
      "created": "2020-04-30T15:14:56.581Z",
      "modified": "2020-04-30T15:33:25.085Z",
      "is_removed": false,
      "reciprocal_ids": "[\"1\", \"2\"]",
      "title": "daughter",
      "display_order": 20,
      "emergency_contact": true,
      "scheduler": false,
      "relative": true
    }
  },
  {
    "model": "persons.relation",
    "pk": 5,
    "fields": {
      "created": "2020-04-30T15:17:25.663Z",
      "modified": "2020-04-30T15:33:50.289Z",
      "is_removed": false,
      "reciprocal_ids": "[\"6\", \"7\"]",
      "title": "husband",
      "display_order": 1,
      "emergency_contact": true,
      "scheduler": true,
      "relative": true
    }
  },
  {
    "model": "persons.relation",
    "pk": 6,
    "fields": {
      "created": "2020-04-30T15:17:34.726Z",
      "modified": "2020-04-30T15:33:53.125Z",
      "is_removed": false,
      "reciprocal_ids": "[\"5\"]",
      "title": "wife",
      "display_order": 1,
      "emergency_contact": true,
      "scheduler": true,
      "relative": true
    }
  },
  {
    "model": "persons.relation",
    "pk": 7,
    "fields": {
      "created": "2020-04-30T15:18:03.143Z",
      "modified": "2020-04-30T15:31:56.243Z",
      "is_removed": false,
      "reciprocal_ids": "[\"5\"]",
      "title": "concubine",
      "display_order": 70,
      "emergency_contact": true,
      "scheduler": false,
      "relative": true
    }
  },
  {
    "model": "persons.relation",
    "pk": 8,
    "fields": {
      "created": "2020-04-30T15:19:10.892Z",
      "modified": "2020-04-30T15:31:04.687Z",
      "is_removed": false,
      "reciprocal_ids": "[\"8\", \"9\"]",
      "title": "brother",
      "display_order": 50,
      "emergency_contact": false,
      "scheduler": false,
      "relative": true
    }
  },
  {
    "model": "persons.relation",
    "pk": 9,
    "fields": {
      "created": "2020-04-30T15:19:23.116Z",
      "modified": "2020-04-30T15:31:10.149Z",
      "is_removed": false,
      "reciprocal_ids": "[\"8\", \"9\"]",
      "title": "sister",
      "display_order": 50,
      "emergency_contact": false,
      "scheduler": false,
      "relative": true
    }
  },
  {
    "model": "persons.relation",
    "pk": 10,
    "fields": {
      "created": "2020-04-30T15:19:44.652Z",
      "modified": "2020-04-30T15:35:18.407Z",
      "is_removed": false,
      "reciprocal_ids": "[\"10\", \"11\"]",
      "title": "half brother",
      "display_order": 90,
      "emergency_contact": false,
      "scheduler": false,
      "relative": true
    }
  },
  {
    "model": "persons.relation",
    "pk": 11,
    "fields": {
      "created": "2020-04-30T15:20:39.321Z",
      "modified": "2020-04-30T15:35:26.556Z",
      "is_removed": false,
      "reciprocal_ids": "[\"10\", \"11\"]",
      "title": "half sister",
      "display_order": 90,
      "emergency_contact": false,
      "scheduler": false,
      "relative": true
    }
  },
  {
    "model": "persons.relation",
    "pk": 12,
    "fields": {
      "created": "2020-04-30T15:21:09.941Z",
      "modified": "2020-04-30T15:31:15.856Z",
      "is_removed": false,
      "reciprocal_ids": "[\"13\"]",
      "title": "caregiver",
      "display_order": 500,
      "emergency_contact": true,
      "scheduler": true,
      "relative": false
    }
  },
  {
    "model": "persons.relation",
    "pk": 13,
    "fields": {
      "created": "2020-04-30T15:21:30.911Z",
      "modified": "2020-04-30T15:34:29.408Z",
      "is_removed": false,
      "reciprocal_ids": "[\"12\"]",
      "title": "care receiver",
      "display_order": 500,
      "emergency_contact": true,
      "scheduler": false,
      "relative": false
    }
  },
  {
    "model": "persons.relation",
    "pk": 14,
    "fields": {
      "created": "2020-04-30T15:22:18.116Z",
      "modified": "2020-04-30T15:22:50.973Z",
      "is_removed": false,
      "reciprocal_ids": "[\"14\"]",
      "title": "spouse",
      "display_order": 32766,
      "emergency_contact": true,
      "scheduler": true,
      "relative": true
    }
  },
  {
    "model": "persons.relation",
    "pk": 15,
    "fields": {
      "created": "2020-04-30T15:23:18.056Z",
      "modified": "2020-04-30T15:31:28.784Z",
      "is_removed": false,
      "reciprocal_ids": "[\"16\"]",
      "title": "guardian",
      "display_order": 30,
      "emergency_contact": true,
      "scheduler": true,
      "relative": true
    }
  },
  {
    "model": "persons.relation",
    "pk": 16,
    "fields": {
      "created": "2020-04-30T15:24:01.575Z",
      "modified": "2020-04-30T15:31:34.793Z",
      "is_removed": false,
      "reciprocal_ids": "[\"15\"]",
      "title": "ward",
      "display_order": 30,
      "emergency_contact": true,
      "scheduler": false,
      "relative": true
    }
  },
  {
    "model": "persons.relation",
    "pk": 17,
    "fields": {
      "created": "2020-04-30T15:25:06.166Z",
      "modified": "2020-04-30T15:26:11.194Z",
      "is_removed": false,
      "reciprocal_ids": "[\"17\"]",
      "title": "neighbor",
      "display_order": 30000,
      "emergency_contact": false,
      "scheduler": false,
      "relative": false
    }
  },
  {
    "model": "persons.relation",
    "pk": 18,
    "fields": {
      "created": "2020-04-30T15:25:37.778Z",
      "modified": "2020-04-30T15:27:22.920Z",
      "is_removed": false,
      "reciprocal_ids": "[\"18\"]",
      "title": "friend",
      "display_order": 10000,
      "emergency_contact": false,
      "scheduler": false,
      "relative": false
    }
  },
  {
    "model": "persons.relation",
    "pk": 19,
    "fields": {
      "created": "2020-04-30T15:26:42.915Z",
      "modified": "2020-04-30T15:27:28.777Z",
      "is_removed": false,
      "reciprocal_ids": "[\"20\"]",
      "title": "landlord",
      "display_order": 20000,
      "emergency_contact": false,
      "scheduler": false,
      "relative": false
    }
  },
  {
    "model": "persons.relation",
    "pk": 20,
    "fields": {
      "created": "2020-04-30T15:27:03.875Z",
      "modified": "2020-04-30T15:27:33.859Z",
      "is_removed": false,
      "reciprocal_ids": "[\"19\"]",
      "title": "tenant",
      "display_order": 20000,
      "emergency_contact": false,
      "scheduler": false,
      "relative": false
    }
  },
  {
    "model": "persons.relation",
    "pk": 21,
    "fields": {
      "created": "2020-04-30T15:37:14.546Z",
      "modified": "2020-04-30T15:37:37.216Z",
      "is_removed": false,
      "reciprocal_ids": "[\"21\", \"22\"]",
      "title": "mother-in-law",
      "display_order": 100,
      "emergency_contact": false,
      "scheduler": false,
      "relative": true
    }
  },
  {
    "model": "persons.relation",
    "pk": 22,
    "fields": {
      "created": "2020-04-30T15:37:31.858Z",
      "modified": "2020-04-30T15:38:00.470Z",
      "is_removed": false,
      "reciprocal_ids": "[\"21\", \"22\"]",
      "title": "father-in-law",
      "display_order": 100,
      "emergency_contact": false,
      "scheduler": false,
      "relative": true
    }
  },
  {
    "model": "persons.relation",
    "pk": 23,
    "fields": {
      "created": "2020-04-30T15:40:07.396Z",
      "modified": "2020-04-30T15:40:33.674Z",
      "is_removed": false,
      "reciprocal_ids": "[\"23\", \"24\"]",
      "title": "brother-in-law",
      "display_order": 200,
      "emergency_contact": false,
      "scheduler": false,
      "relative": true
    }
  },
  {
    "model": "persons.relation",
    "pk": 24,
    "fields": {
      "created": "2020-04-30T15:40:15.038Z",
      "modified": "2020-04-30T15:40:24.959Z",
      "is_removed": false,
      "reciprocal_ids": "[\"23\", \"24\"]",
      "title": "sister-in-law",
      "display_order": 200,
      "emergency_contact": false,
      "scheduler": false,
      "relative": true
    }
  },
  {
    "model": "persons.relation",
    "pk": 25,
    "fields": {
      "created": "2020-04-30T15:40:15.038Z",
      "modified": "2020-04-30T15:41:24.959Z",
      "is_removed": false,
      "reciprocal_ids": null,
      "title": "unspecified",
      "display_order": 32767,
      "emergency_contact": false,
      "scheduler": false,
      "relative": false
    }
  },
  {
    "model": "persons.relationship",
    "pk": 1,
    "fields": {
      "created": "2020-04-30T16:54:19.925Z",
      "modified": "2020-05-03T21:24:35.989Z",
      "is_removed": false,
      "from_attendee": 2,
      "to_attendee": 3,
      "relation": 3,
      "emergency_contact": true,
      "scheduler": false,
      "in_family": 10001,
      "finish": "3936-11-05T16:52:12Z"
    }
  },
  {
    "model": "persons.relationship",
    "pk": 2,
    "fields": {
      "created": "2020-04-30T16:58:59.298Z",
      "modified": "2020-05-03T21:24:29.941Z",
      "is_removed": false,
      "from_attendee": 3,
      "to_attendee": 2,
      "relation": 2,
      "emergency_contact": true,
      "scheduler": true,
      "in_family": 10001,
      "finish": "3936-11-05T16:58:34Z"
    }
  },
  {
    "model": "persons.relationship",
    "pk": 3,
    "fields": {
      "created": "2020-04-30T16:59:31.809Z",
      "modified": "2020-04-30T16:59:31.809Z",
      "is_removed": false,
      "from_attendee": 3,
      "to_attendee": 12,
      "relation": 10,
      "emergency_contact": false,
      "scheduler": false,
      "in_family": null,
      "finish": "3936-11-05T16:59:13Z"
    }
  },
  {
    "model": "persons.relationship",
    "pk": 4,
    "fields": {
      "created": "2020-04-30T16:59:56.071Z",
      "modified": "2020-04-30T16:59:56.071Z",
      "is_removed": false,
      "from_attendee": 12,
      "to_attendee": 3,
      "relation": 10,
      "emergency_contact": false,
      "scheduler": false,
      "in_family": null,
      "finish": "3936-11-05T16:59:44Z"
    }
  },
  {
    "model": "persons.relationship",
    "pk": 5,
    "fields": {
      "created": "2020-04-30T17:01:07.157Z",
      "modified": "2020-05-03T21:24:16.653Z",
      "is_removed": false,
      "from_attendee": 13,
      "to_attendee": 2,
      "relation": 7,
      "emergency_contact": true,
      "scheduler": false,
      "in_family": 10001,
      "finish": "3936-11-05T17:00:50Z"
    }
  },
  {
    "model": "persons.relationship",
    "pk": 6,
    "fields": {
      "created": "2020-04-30T17:02:30.512Z",
      "modified": "2020-05-03T21:24:09.051Z",
      "is_removed": false,
      "from_attendee": 3,
      "to_attendee": 13,
      "relation": 1,
      "emergency_contact": true,
      "scheduler": true,
      "in_family": 10001,
      "finish": "3936-11-05T17:02:11Z"
    }
  },
  {
    "model": "persons.relationship",
    "pk": 7,
    "fields": {
      "created": "2020-04-30T17:03:01.768Z",
      "modified": "2020-05-03T21:23:58.156Z",
      "is_removed": false,
      "from_attendee": 2,
      "to_attendee": 13,
      "relation": 5,
      "emergency_contact": true,
      "scheduler": false,
      "in_family": 10001,
      "finish": "3936-11-05T17:02:42Z"
    }
  },
  {
    "model": "persons.relationship",
    "pk": 8,
    "fields": {
      "created": "2020-04-30T17:07:39.971Z",
      "modified": "2020-05-03T21:23:47.186Z",
      "is_removed": false,
      "from_attendee": 14,
      "to_attendee": 13,
      "relation": 5,
      "emergency_contact": true,
      "scheduler": true,
      "in_family": 10002,
      "finish": "3936-11-05T17:07:24Z"
    }
  },
  {
    "model": "persons.relationship",
    "pk": 9,
    "fields": {
      "created": "2020-04-30T17:08:11.007Z",
      "modified": "2020-05-03T21:23:40.983Z",
      "is_removed": false,
      "from_attendee": 13,
      "to_attendee": 12,
      "relation": 3,
      "emergency_contact": true,
      "scheduler": false,
      "in_family": 10002,
      "finish": "3936-11-05T17:07:48Z"
    }
  },
  {
    "model": "persons.relationship",
    "pk": 10,
    "fields": {
      "created": "2020-04-30T17:08:49.579Z",
      "modified": "2020-05-03T21:23:34.587Z",
      "is_removed": false,
      "from_attendee": 12,
      "to_attendee": 14,
      "relation": 2,
      "emergency_contact": true,
      "scheduler": true,
      "in_family": 10002,
      "finish": "3936-11-05T17:08:29Z"
    }
  },
  {
    "model": "persons.relationship",
    "pk": 11,
    "fields": {
      "created": "2020-04-30T17:09:50.403Z",
      "modified": "2020-05-03T21:23:26.078Z",
      "is_removed": false,
      "from_attendee": 12,
      "to_attendee": 13,
      "relation": 1,
      "emergency_contact": true,
      "scheduler": true,
      "in_family": 10002,
      "finish": "3936-11-05T17:09:17Z"
    }
  },
  {
    "model": "persons.relationship",
    "pk": 12,
    "fields": {
      "created": "2020-04-30T17:12:36.196Z",
      "modified": "2020-05-03T21:23:20.034Z",
      "is_removed": false,
      "from_attendee": 13,
      "to_attendee": 3,
      "relation": 3,
      "emergency_contact": true,
      "scheduler": false,
      "in_family": 10001,
      "finish": "3936-11-05T17:12:21Z"
    }
  },
  {
    "model": "persons.relationship",
    "pk": 13,
    "fields": {
      "created": "2020-04-30T17:13:26.572Z",
      "modified": "2020-05-03T21:23:13.641Z",
      "is_removed": false,
      "from_attendee": 13,
      "to_attendee": 14,
      "relation": 6,
      "emergency_contact": true,
      "scheduler": true,
      "in_family": 10002,
      "finish": "3936-11-05T17:13:12Z"
    }
  },
  {
    "model": "persons.registration",
    "pk": 1,
    "fields": {
      "created": "2020-04-11T19:51:50.674Z",
      "modified": "2020-04-11T19:51:50.674Z",
      "is_removed": false,
      "assembly": 1,
      "main_attendee": 2,
      "start": "2020-01-01T18:00:00Z",
      "finish": "2030-02-17T19:59:59Z",
      "apply_type": "onsite",
      "apply_key": "#002",
      "donation": "0.00",
      "price": "0.00"
    }
  },
  {
    "model": "persons.registration",
    "pk": 2,
    "fields": {
      "created": "2020-04-11T19:52:47.869Z",
      "modified": "2020-04-11T19:52:47.869Z",
      "is_removed": false,
      "assembly": 1,
      "main_attendee": 11,
      "start": "2020-01-01T18:00:00Z",
      "finish": "2030-02-17T19:59:59Z",
      "apply_type": "admin",
      "apply_key": "000",
      "donation": "0.00",
      "price": "0.00"
    }
  },
  {
    "model": "persons.registration",
    "pk": 3,
    "fields": {
      "created": "2020-04-11T19:53:25.182Z",
      "modified": "2020-04-11T19:53:25.182Z",
      "is_removed": false,
      "assembly": 2,
      "main_attendee": 1,
      "start": "2020-01-01T18:00:00Z",
      "finish": "2030-02-17T19:59:59Z",
      "apply_type": "system",
      "apply_key": "001",
      "donation": "0.00",
      "price": "0.00"
    }
  },
  {
    "model": "persons.registration",
    "pk": 4,
    "fields": {
      "created": "2020-04-11T19:53:44.768Z",
      "modified": "2020-04-11T19:53:44.768Z",
      "is_removed": false,
      "assembly": 4,
      "main_attendee": 7,
      "start": "2020-01-01T18:00:00Z",
      "finish": "2030-02-17T19:59:59Z",
      "apply_type": "sky",
      "apply_key": "001",
      "donation": "0.00",
      "price": "0.00"
    }
  },
  {
    "model": "persons.registration",
    "pk": 5,
    "fields": {
      "created": "2020-04-20T01:05:40.411Z",
      "modified": "2020-04-20T01:05:40.411Z",
      "is_removed": false,
      "assembly": 2,
      "main_attendee": 2,
      "start": "2020-04-20T01:05:09Z",
      "finish": null,
      "apply_type": "reality",
      "apply_key": "002",
      "donation": "0.00",
      "price": "0.00"
    }
  },
  {
    "model": "persons.registration",
    "pk": 6,
    "fields": {
      "created": "2020-04-21T05:06:35.390Z",
      "modified": "2020-04-21T05:06:35.390Z",
      "is_removed": false,
      "assembly": 3,
      "main_attendee": 11,
      "start": "2020-07-16T05:05:56Z",
      "finish": "2020-07-30T05:06:17Z",
      "apply_type": "virtual",
      "apply_key": "001",
      "donation": "0.00",
      "price": "0.00"
    }
  },
  {
    "model": "persons.attending",
    "pk": 1,
    "fields": {
      "created": "2020-04-11T22:25:16.240Z",
      "modified": "2020-04-11T22:25:16.240Z",
      "is_removed": false,
      "registration": 1,
      "attendee": 3,
      "age": 500,
      "category": "normal",
      "bed_needs": 0,
      "mobility": 300,
      "infos": {
        "hi": 5,
        "grade": 2
      }
    }
  },
  {
    "model": "persons.attending",
    "pk": 2,
    "fields": {
      "created": "2020-04-11T22:33:15.341Z",
      "modified": "2020-04-11T22:33:15.341Z",
      "is_removed": false,
      "registration": 2,
      "attendee": 11,
      "age": 500,
      "category": "normal",
      "bed_needs": 0,
      "mobility": 300,
      "infos": {}
    }
  },
  {
    "model": "persons.attending",
    "pk": 3,
    "fields": {
      "created": "2020-04-11T22:36:35.312Z",
      "modified": "2020-04-12T02:33:40.777Z",
      "is_removed": false,
      "registration": 2,
      "attendee": 1,
      "age": 500,
      "category": "normal",
      "bed_needs": 0,
      "mobility": 500,
      "infos": {}
    }
  },
  {
    "model": "persons.attending",
    "pk": 4,
    "fields": {
      "created": "2020-04-11T23:50:51.956Z",
      "modified": "2020-04-11T23:50:51.956Z",
      "is_removed": false,
      "registration": 3,
      "attendee": 1,
      "age": 500,
      "category": "normal",
      "bed_needs": 0,
      "mobility": 300,
      "infos": {}
    }
  },
  {
    "model": "persons.attending",
    "pk": 5,
    "fields": {
      "created": "2020-04-11T23:50:52.017Z",
      "modified": "2020-04-11T23:50:52.017Z",
      "is_removed": false,
      "registration": 2,
      "attendee": 4,
      "age": 500,
      "category": "normal",
      "bed_needs": 0,
      "mobility": 200,
      "infos": {}
    }
  },
  {
    "model": "persons.attending",
    "pk": 6,
    "fields": {
      "created": "2020-04-12T02:32:11.741Z",
      "modified": "2020-04-12T02:32:11.741Z",
      "is_removed": false,
      "registration": 4,
      "attendee": 7,
      "age": 5000,
      "category": "kingdom",
      "bed_needs": 0,
      "mobility": 2000,
      "infos": {}
    }
  },
  {
    "model": "persons.attending",
    "pk": 7,
    "fields": {
      "created": "2020-04-19T13:14:25.051Z",
      "modified": "2020-04-20T16:17:15.310Z",
      "is_removed": false,
      "registration": 5,
      "attendee": 2,
      "age": 500,
      "category": "normal",
      "bed_needs": 0,
      "mobility": 200,
      "infos": {}
    }
  },
  {
    "model": "persons.attending",
    "pk": 8,
    "fields": {
      "created": "2020-04-21T05:09:24.042Z",
      "modified": "2020-04-21T05:09:48.330Z",
      "is_removed": false,
      "registration": 6,
      "attendee": 11,
      "age": 500,
      "category": "normal",
      "bed_needs": 0,
      "mobility": 500,
      "infos": {}
    }
  },
  {
    "model": "persons.attendingmeet",
    "pk": 1,
    "fields": {
      "created": "2020-04-11T22:25:16.256Z",
      "modified": "2020-04-11T22:25:16.256Z",
      "is_removed": false,
      "attending": 1,
      "meet": 1,
      "character": 1,
      "category": "primary"
    }
  },
  {
    "model": "persons.attendingmeet",
    "pk": 2,
    "fields": {
      "created": "2020-04-11T22:33:15.397Z",
      "modified": "2020-04-11T22:33:15.397Z",
      "is_removed": false,
      "attending": 2,
      "meet": 1,
      "character": 2,
      "category": "primary"
    }
  },
  {
    "model": "persons.attendingmeet",
    "pk": 3,
    "fields": {
      "created": "2020-04-11T22:36:35.329Z",
      "modified": "2020-04-11T22:36:35.329Z",
      "is_removed": false,
      "attending": 3,
      "meet": 1,
      "character": 3,
      "category": "primary"
    }
  },
  {
    "model": "persons.attendingmeet",
    "pk": 4,
    "fields": {
      "created": "2020-04-11T23:50:51.968Z",
      "modified": "2020-04-11T23:50:51.968Z",
      "is_removed": false,
      "attending": 4,
      "meet": 3,
      "character": 6,
      "category": "primary"
    }
  },
  {
    "model": "persons.attendingmeet",
    "pk": 5,
    "fields": {
      "created": "2020-04-11T23:50:52.031Z",
      "modified": "2020-04-11T23:58:17.191Z",
      "is_removed": false,
      "attending": 5,
      "meet": 2,
      "character": 3,
      "category": "primary"
    }
  },
  {
    "model": "persons.attendingmeet",
    "pk": 6,
    "fields": {
      "created": "2020-04-12T02:32:11.754Z",
      "modified": "2020-04-12T02:32:11.754Z",
      "is_removed": false,
      "attending": 6,
      "meet": 4,
      "character": 7,
      "category": "primary"
    }
  },
  {
    "model": "persons.attendingmeet",
    "pk": 7,
    "fields": {
      "created": "2020-04-12T02:33:40.751Z",
      "modified": "2020-04-12T02:33:40.751Z",
      "is_removed": false,
      "attending": 3,
      "meet": 2,
      "character": 2,
      "category": "secondary"
    }
  },
  {
    "model": "persons.attendingmeet",
    "pk": 8,
    "fields": {
      "created": "2020-04-19T13:14:25.065Z",
      "modified": "2020-04-20T16:27:20.609Z",
      "is_removed": false,
      "attending": 7,
      "meet": 3,
      "character": 6,
      "category": "primary"
    }
  },
  {
    "model": "persons.attendingmeet",
    "pk": 9,
    "fields": {
      "created": "2020-04-21T05:09:24.056Z",
      "modified": "2020-04-21T05:09:24.056Z",
      "is_removed": false,
      "attending": 8,
      "meet": 6,
      "character": 8,
      "category": "primary"
    }
  },
  {
    "model": "persons.attendeeaddress",
    "pk": 1,
    "fields": {
      "created": "2020-04-12T02:35:56.316Z",
      "modified": "2020-04-12T02:35:56.316Z",
      "is_removed": false,
      "attendee": 1,
      "address": 5,
      "category": "main"
    }
  },
  {
    "model": "persons.attendeeaddress",
    "pk": 2,
    "fields": {
      "created": "2020-04-12T02:36:28.174Z",
      "modified": "2020-04-12T02:36:28.174Z",
      "is_removed": false,
      "attendee": 2,
      "address": 3,
      "category": "main"
    }
  },
  {
    "model": "persons.attendeeaddress",
    "pk": 3,
    "fields": {
      "created": "2020-04-12T02:37:31.869Z",
      "modified": "2020-04-12T02:37:31.869Z",
      "is_removed": false,
      "attendee": 3,
      "address": 3,
      "category": "resident"
    }
  },
  {
    "model": "persons.attendeeaddress",
    "pk": 4,
    "fields": {
      "created": "2020-04-12T02:37:31.870Z",
      "modified": "2020-04-12T02:37:31.870Z",
      "is_removed": false,
      "attendee": 3,
      "address": 4,
      "category": "resident"
    }
  },
  {
    "model": "persons.attendeeaddress",
    "pk": 5,
    "fields": {
      "created": "2020-04-12T02:38:10.664Z",
      "modified": "2020-04-12T02:38:10.664Z",
      "is_removed": false,
      "attendee": 11,
      "address": 2,
      "category": "main"
    }
  },
  {
    "model": "persons.attendeeaddress",
    "pk": 6,
    "fields": {
      "created": "2020-04-12T02:38:37.899Z",
      "modified": "2020-04-12T02:38:37.899Z",
      "is_removed": false,
      "attendee": 13,
      "address": 6,
      "category": "main"
    }
  },
  {
    "model": "persons.attendeeaddress",
    "pk": 7,
    "fields": {
      "created": "2020-04-12T02:39:02.228Z",
      "modified": "2020-04-12T02:39:02.228Z",
      "is_removed": false,
      "attendee": 14,
      "address": 6,
      "category": "main"
    }
  },
  {
    "model": "persons.attendeeaddress",
    "pk": 8,
    "fields": {
      "created": "2020-04-12T02:39:24.344Z",
      "modified": "2020-04-12T02:39:24.344Z",
      "is_removed": false,
      "attendee": 12,
      "address": 6,
      "category": "main"
    }
  },
  {
    "model": "occasions.assembly",
    "pk": 1,
    "fields": {
      "created": "2020-04-11T18:39:30.685Z",
      "modified": "2020-04-26T18:25:47.768Z",
      "is_removed": false,
      "start": null,
      "finish": null,
      "category": "normal",
      "display_name": "CFCC\u5152\u5c11\u5e38\u898f\u6d3b\u52d5",
      "display_order": 0,
      "slug": "cfcc-junior-regular-activity",
      "division": 3
    }
  },
  {
    "model": "occasions.assembly",
    "pk": 2,
    "fields": {
      "created": "2020-04-11T18:40:04.380Z",
      "modified": "2020-04-11T18:41:25.037Z",
      "is_removed": false,
      "start": null,
      "finish": null,
      "category": "normal",
      "display_name": "CFCC\u6210\u4eba\u4e3b\u65e5\u5d07\u62dc",
      "display_order": 0,
      "slug": "cfcc-adult-sunday-worship",
      "division": 1
    }
  },
  {
    "model": "occasions.assembly",
    "pk": 3,
    "fields": {
      "created": "2020-04-11T18:40:33.044Z",
      "modified": "2020-04-26T18:24:38.727Z",
      "is_removed": false,
      "start": null,
      "finish": null,
      "category": "normal",
      "display_name": "CFCC\u5152\u5c11\u7279\u5225\u6d3b\u52d5",
      "display_order": 0,
      "slug": "cfcc-junior-special-activity",
      "division": 3
    }
  },
  {
    "model": "occasions.assembly",
    "pk": 4,
    "fields": {
      "created": "2020-04-11T18:40:52.455Z",
      "modified": "2020-04-11T18:41:57.661Z",
      "is_removed": false,
      "start": null,
      "finish": null,
      "category": "normal",
      "display_name": "heaven\u5bf6\u5ea7\u656c\u62dc",
      "display_order": 0,
      "slug": "heaven-throne-worship",
      "division": 4
    }
  },
  {
    "model": "occasions.assembly",
    "pk": 5,
    "fields": {
      "created": "2020-05-09T22:31:18.488Z",
      "modified": "2020-05-09T22:31:26.822Z",
      "is_removed": false,
      "start": null,
      "finish": null,
      "category": "normal",
      "display_name": "CFCC\u6703\u54e1\u8cc7\u6599",
      "display_order": 0,
      "slug": "cfcc-member-data",
      "division": 1
    }
  },
  {
    "model": "occasions.assemblyaddress",
    "pk": 1,
    "fields": {
      "created": "2020-04-11T18:41:13.836Z",
      "modified": "2020-04-11T18:41:13.836Z",
      "is_removed": false,
      "assembly": 1,
      "address": 1,
      "category": "normal"
    }
  },
  {
    "model": "occasions.assemblyaddress",
    "pk": 2,
    "fields": {
      "created": "2020-04-11T18:41:25.032Z",
      "modified": "2020-04-11T18:41:25.032Z",
      "is_removed": false,
      "assembly": 2,
      "address": 1,
      "category": "normal"
    }
  },
  {
    "model": "occasions.assemblyaddress",
    "pk": 3,
    "fields": {
      "created": "2020-04-11T18:41:41.979Z",
      "modified": "2020-04-20T16:36:48.153Z",
      "is_removed": false,
      "assembly": 3,
      "address": 10,
      "category": "normal"
    }
  },
  {
    "model": "occasions.assemblyaddress",
    "pk": 4,
    "fields": {
      "created": "2020-04-11T18:41:57.656Z",
      "modified": "2020-04-11T18:41:57.656Z",
      "is_removed": false,
      "assembly": 4,
      "address": 9,
      "category": "normal"
    }
  },
  {
    "model": "occasions.assemblyaddress",
    "pk": 5,
    "fields": {
      "created": "2020-05-09T22:31:18.495Z",
      "modified": "2020-05-09T22:31:18.495Z",
      "is_removed": false,
      "assembly": 5,
      "address": 1,
      "category": "normal"
    }
  },
  {
    "model": "occasions.character",
    "pk": 1,
    "fields": {
      "created": "2020-04-11T18:42:52.655Z",
      "modified": "2020-04-26T17:59:00.575Z",
      "is_removed": false,
      "assembly": 1,
      "display_name": "Student",
      "display_order": 32766,
      "slug": "d7c8Fd-cfcc-kid-student",
      "info": null,
      "type": "audience"
    }
  },
  {
    "model": "occasions.character",
    "pk": 2,
    "fields": {
      "created": "2020-04-11T18:43:19.732Z",
      "modified": "2020-04-26T17:54:24.704Z",
      "is_removed": false,
      "assembly": 1,
      "display_name": "LG Leader 1",
      "display_order": 1,
      "slug": "d7c8Fd-cfcc-kid-LGleader1",
      "info": null,
      "type": "coworker"
    }
  },
  {
    "model": "occasions.character",
    "pk": 3,
    "fields": {
      "created": "2020-04-11T18:43:39.188Z",
      "modified": "2020-04-26T17:55:08.998Z",
      "is_removed": false,
      "assembly": 1,
      "display_name": "LG Leader 2",
      "display_order": 2,
      "slug": "d7c8Fd-cfcc-kid-LGleader2",
      "info": null,
      "type": "coworker"
    }
  },
  {
    "model": "occasions.character",
    "pk": 4,
    "fields": {
      "created": "2020-04-11T18:44:00.020Z",
      "modified": "2020-04-26T18:04:03.591Z",
      "is_removed": false,
      "assembly": 1,
      "display_name": "Worship Leader 1",
      "display_order": 3,
      "slug": "d7c8Fd-cfcc-kid-leader-1worship",
      "info": null,
      "type": "coworker"
    }
  },
  {
    "model": "occasions.character",
    "pk": 5,
    "fields": {
      "created": "2020-04-11T18:44:28.242Z",
      "modified": "2020-04-26T18:04:12.535Z",
      "is_removed": false,
      "assembly": 1,
      "display_name": "Worship Leader 2",
      "display_order": 4,
      "slug": "d7c8Fd-cfcc-kid-leader-2worship",
      "info": null,
      "type": "coworker"
    }
  },
  {
    "model": "occasions.character",
    "pk": 6,
    "fields": {
      "created": "2020-04-11T18:44:58.405Z",
      "modified": "2020-04-26T17:29:55.239Z",
      "is_removed": false,
      "assembly": 2,
      "display_name": "A/V controller",
      "display_order": 0,
      "slug": "d7c8Fd-adult-sunday-av-controller",
      "info": null,
      "type": "coworker"
    }
  },
  {
    "model": "occasions.character",
    "pk": 7,
    "fields": {
      "created": "2020-04-11T18:45:15.658Z",
      "modified": "2020-04-26T17:58:33.716Z",
      "is_removed": false,
      "assembly": 4,
      "display_name": "sky choir member",
      "display_order": 9999,
      "slug": "faBd6C-sky-choir-member",
      "info": null,
      "type": "coworker"
    }
  },
  {
    "model": "occasions.character",
    "pk": 8,
    "fields": {
      "created": "2020-04-21T05:05:20.646Z",
      "modified": "2020-04-26T17:58:43.403Z",
      "is_removed": false,
      "assembly": 3,
      "display_name": "\u77ed\u5ba3\u53f8\u6a5f",
      "display_order": 7777,
      "slug": "d7c8fd-cfcc-kid-short-mission-driver",
      "info": null,
      "type": "coworker"
    }
  },
  {
    "model": "occasions.character",
    "pk": 9,
    "fields": {
      "created": "2020-04-26T18:00:16.433Z",
      "modified": "2020-04-26T18:00:16.433Z",
      "is_removed": false,
      "assembly": 1,
      "display_name": "Food Helper",
      "display_order": 5,
      "slug": "d7c8Fd-cfcc-kid-food-helper",
      "info": null,
      "type": "coworker"
    }
  },
  {
    "model": "occasions.character",
    "pk": 10,
    "fields": {
      "created": "2020-04-26T18:01:26.135Z",
      "modified": "2020-04-26T18:07:10.143Z",
      "is_removed": false,
      "assembly": 1,
      "display_name": "SG Leader Kindergarten",
      "display_order": 6,
      "slug": "d7c8Fd-cfcc-kid-leader-SG-kindergarten",
      "info": null,
      "type": "coworker"
    }
  },
  {
    "model": "occasions.character",
    "pk": 11,
    "fields": {
      "created": "2020-04-26T18:05:30.923Z",
      "modified": "2020-04-26T18:07:17.430Z",
      "is_removed": false,
      "assembly": 1,
      "display_name": "SG Leader 1st Grade",
      "display_order": 7,
      "slug": "d7c8Fd-cfcc-kid-leader-SG-1G",
      "info": null,
      "type": "coworker"
    }
  },
  {
    "model": "occasions.character",
    "pk": 12,
    "fields": {
      "created": "2020-04-26T18:06:57.727Z",
      "modified": "2020-04-26T18:06:57.727Z",
      "is_removed": false,
      "assembly": 1,
      "display_name": "SG Leader 2nd Grade",
      "display_order": 8,
      "slug": "d7c8Fd-cfcc-kid-leader-SG-2G",
      "info": null,
      "type": "coworker"
    }
  },
  {
    "model": "occasions.character",
    "pk": 13,
    "fields": {
      "created": "2020-04-26T18:07:53.146Z",
      "modified": "2020-04-26T18:07:53.146Z",
      "is_removed": false,
      "assembly": 1,
      "display_name": "SG Leader 3rd & 4th Grades",
      "display_order": 9,
      "slug": "d7c8Fd-cfcc-kid-leader-SG-34G",
      "info": null,
      "type": "coworker"
    }
  },
  {
    "model": "occasions.character",
    "pk": 14,
    "fields": {
      "created": "2020-04-26T18:08:30.258Z",
      "modified": "2020-04-26T18:08:30.258Z",
      "is_removed": false,
      "assembly": 1,
      "display_name": "SG Leader 5th& 6th Grades",
      "display_order": 10,
      "slug": "d7c8Fd-cfcc-kid-leader-SG-56G",
      "info": null,
      "type": "coworker"
    }
  },
  {
    "model": "occasions.meet",
    "pk": 1,
    "fields": {
      "created": "2020-04-11T18:47:42.792Z",
      "modified": "2020-04-26T18:30:08.184Z",
      "is_removed": false,
      "assembly": 1,
      "start": null,
      "finish": null,
      "display_name": "The Rock",
      "slug": "d7c8Fd-junior-regular-the-rock",
      "infos": {},
      "site_type": 32,
      "site_id": 1
    }
  },
  {
    "model": "occasions.meet",
    "pk": 2,
    "fields": {
      "created": "2020-04-11T18:48:40.462Z",
      "modified": "2020-04-26T18:30:17.535Z",
      "is_removed": false,
      "assembly": 1,
      "start": null,
      "finish": null,
      "display_name": "Little foot",
      "slug": "d7c8Fd-junior-regular-little-foot",
      "infos": {},
      "site_type": 34,
      "site_id": 1
    }
  },
  {
    "model": "occasions.meet",
    "pk": 3,
    "fields": {
      "created": "2020-04-11T18:49:26.376Z",
      "modified": "2020-04-20T16:48:01.451Z",
      "is_removed": false,
      "assembly": 2,
      "start": null,
      "finish": null,
      "display_name": "\u5f71\u97f3\u4e2d\u63a7",
      "slug": "d7c8Fd-cfcc-adault-sunday-recording-av-control",
      "infos": {},
      "site_type": 32,
      "site_id": 2
    }
  },
  {
    "model": "occasions.meet",
    "pk": 4,
    "fields": {
      "created": "2020-04-11T18:50:57.777Z",
      "modified": "2020-04-20T16:46:15.287Z",
      "is_removed": false,
      "assembly": 4,
      "start": null,
      "finish": null,
      "display_name": "\u5929\u5802 \u73bb\u7483\u6d77\u5929\u4f7f\u8a69\u73ed",
      "slug": "faBd6C-sea-of-glass-angel-choir",
      "infos": {},
      "site_type": 30,
      "site_id": 9
    }
  },
  {
    "model": "occasions.meet",
    "pk": 5,
    "fields": {
      "created": "2020-04-11T18:52:14.135Z",
      "modified": "2020-04-26T18:31:40.474Z",
      "is_removed": false,
      "assembly": 1,
      "start": null,
      "finish": null,
      "display_name": "kid Christmas Celebration \u5152\u5c11\u8056\u8a95\u6703",
      "slug": "d7c8Fd-junior-regular-christmas-celebration",
      "infos": {},
      "site_type": 31,
      "site_id": 1
    }
  },
  {
    "model": "occasions.meet",
    "pk": 6,
    "fields": {
      "created": "2020-04-20T16:43:03.255Z",
      "modified": "2020-04-26T18:30:32.888Z",
      "is_removed": false,
      "assembly": 3,
      "start": null,
      "finish": null,
      "display_name": "\u9752\u5c11\u77ed\u5ba3\u82f1\u8a9e\u6559\u5b78",
      "slug": "d7c8Fd-junior-special-english-teaching",
      "infos": {},
      "site_type": 30,
      "site_id": 10
    }
  },
  {
    "model": "occasions.meet",
    "pk": 7,
    "fields": {
      "created": "2020-05-09T22:34:04.419Z",
      "modified": "2020-05-09T22:38:25.317Z",
      "is_removed": false,
      "assembly": 5,
      "start": null,
      "finish": null,
      "display_name": "\u65b0\u4eba",
      "slug": "d7c8Fd-cfcc-member-new-visit",
      "infos": {},
      "site_type": 30,
      "site_id": 1
    }
  },
  {
    "model": "occasions.meet",
    "pk": 8,
    "fields": {
      "created": "2020-05-09T22:36:23.046Z",
      "modified": "2020-05-09T22:36:23.046Z",
      "is_removed": false,
      "assembly": 5,
      "start": null,
      "finish": null,
      "display_name": "\u901a\u8a0a\u9304",
      "slug": "d7c8Fd-cfcc-member-address-book",
      "infos": {},
      "site_type": 30,
      "site_id": 1
    }
  },
  {
    "model": "occasions.meet",
    "pk": 9,
    "fields": {
      "created": "2020-05-09T22:37:59.744Z",
      "modified": "2020-05-09T22:38:30.583Z",
      "is_removed": false,
      "assembly": 5,
      "start": null,
      "finish": null,
      "display_name": "\u6703\u54e1",
      "slug": "d7c8Fd-cfcc-member-membership",
      "infos": {},
      "site_type": 30,
      "site_id": 1
    }
  },
  {
    "model": "occasions.gathering",
    "pk": 1,
    "fields": {
      "created": "2020-04-11T19:00:17.355Z",
      "modified": "2020-04-22T21:40:15.875Z",
      "is_removed": false,
      "meet": 1,
      "start": "2020-05-09T17:00:00Z",
      "finish": "2020-05-09T18:59:59Z",
      "display_name": "05/09/2020",
      "infos": {
        "link": null,
        "\u9031\u5831": "https://sdasdasd.com/asdadsasd.pdf"
      },
      "occurrence": null,
      "site_type": 34,
      "site_id": 1
    }
  },
  {
    "model": "occasions.gathering",
    "pk": 2,
    "fields": {
      "created": "2020-04-11T19:01:45.438Z",
      "modified": "2020-04-20T17:24:14.087Z",
      "is_removed": false,
      "meet": 1,
      "start": "2020-05-17T17:00:00Z",
      "finish": "2020-05-17T18:59:59Z",
      "display_name": "05/17/2020",
      "infos": {},
      "occurrence": null,
      "site_type": 34,
      "site_id": 1
    }
  },
  {
    "model": "occasions.gathering",
    "pk": 3,
    "fields": {
      "created": "2020-04-11T19:05:29.711Z",
      "modified": "2020-04-23T12:31:26.916Z",
      "is_removed": false,
      "meet": 3,
      "start": "2020-05-10T17:00:00Z",
      "finish": "2020-05-10T18:59:59Z",
      "display_name": "05/10/2020",
      "infos": {
        "link": null
      },
      "occurrence": null,
      "site_type": 32,
      "site_id": 1
    }
  },
  {
    "model": "occasions.gathering",
    "pk": 4,
    "fields": {
      "created": "2020-04-11T19:06:59.719Z",
      "modified": "2020-04-20T17:24:36.054Z",
      "is_removed": false,
      "meet": 2,
      "start": "2020-05-09T17:00:00Z",
      "finish": "2020-05-09T19:00:00Z",
      "display_name": "05/09/2020",
      "infos": {
        "link": null
      },
      "occurrence": null,
      "site_type": 33,
      "site_id": 1
    }
  },
  {
    "model": "occasions.gathering",
    "pk": 5,
    "fields": {
      "created": "2020-04-11T19:08:23.960Z",
      "modified": "2020-04-12T02:27:24.430Z",
      "is_removed": false,
      "meet": 4,
      "start": "2020-02-17T20:07:20Z",
      "finish": "9999-04-11T20:07:22Z",
      "display_name": "forever",
      "infos": {
        "link": null,
        "LG_location": "Burbank Library"
      },
      "occurrence": null,
      "site_type": 30,
      "site_id": 9
    }
  },
  {
    "model": "occasions.gathering",
    "pk": 6,
    "fields": {
      "created": "2020-04-21T05:02:41.218Z",
      "modified": "2020-04-21T05:02:41.218Z",
      "is_removed": false,
      "meet": 6,
      "start": "2020-07-21T05:00:00Z",
      "finish": "2020-07-21T06:00:00Z",
      "display_name": "07/20/2020 Basic I",
      "infos": {},
      "occurrence": null,
      "site_type": 30,
      "site_id": 10
    }
  },
  {
    "model": "occasions.team",
    "pk": 1,
    "fields": {
      "created": "2020-04-11T19:09:48.250Z",
      "modified": "2020-04-11T19:09:48.250Z",
      "is_removed": false,
      "meet": 1,
      "slug": "large-group-4g",
      "display_name": "Large Group 4G",
      "display_order": 0,
      "infos": {},
      "site_type": 34,
      "site_id": 1
    }
  },
  {
    "model": "occasions.attendance",
    "pk": 1,
    "fields": {
      "created": "2020-04-11T22:25:16.264Z",
      "modified": "2020-04-22T21:40:51.937Z",
      "is_removed": false,
      "start": null,
      "finish": null,
      "gathering": 1,
      "team": 1,
      "attending": 1,
      "character": 1,
      "free": 0,
      "category": "scheduled",
      "display_order": 0,
      "infos": {
        "kid_points": 5,
        "\u4e0a\u8ab2\u8868\u73fe": "\u5f88\u597d"
      }
    }
  },
  {
    "model": "occasions.attendance",
    "pk": 2,
    "fields": {
      "created": "2020-04-11T22:33:15.404Z",
      "modified": "2020-04-11T22:33:15.404Z",
      "is_removed": false,
      "start": null,
      "finish": null,
      "gathering": 1,
      "team": null,
      "attending": 2,
      "character": 2,
      "free": -1,
      "category": "scheduled",
      "display_order": 0,
      "infos": {}
    }
  },
  {
    "model": "occasions.attendance",
    "pk": 3,
    "fields": {
      "created": "2020-04-11T22:36:35.336Z",
      "modified": "2020-04-11T22:36:35.336Z",
      "is_removed": false,
      "start": null,
      "finish": null,
      "gathering": 1,
      "team": 1,
      "attending": 3,
      "character": 4,
      "free": 0,
      "category": "confirmed",
      "display_order": 0,
      "infos": {}
    }
  },
  {
    "model": "occasions.attendance",
    "pk": 4,
    "fields": {
      "created": "2020-04-11T23:50:51.976Z",
      "modified": "2020-04-11T23:50:51.976Z",
      "is_removed": false,
      "start": null,
      "finish": null,
      "gathering": 2,
      "team": null,
      "attending": 3,
      "character": 5,
      "free": 0,
      "category": "scheduled",
      "display_order": 0,
      "infos": {}
    }
  },
  {
    "model": "occasions.attendance",
    "pk": 5,
    "fields": {
      "created": "2020-04-11T23:50:52.037Z",
      "modified": "2020-04-13T01:40:14.025Z",
      "is_removed": false,
      "start": null,
      "finish": null,
      "gathering": 3,
      "team": null,
      "attending": 4,
      "character": 6,
      "free": 0,
      "category": "scheduled",
      "display_order": 0,
      "infos": {}
    }
  },
  {
    "model": "occasions.attendance",
    "pk": 6,
    "fields": {
      "created": "2020-04-12T03:32:00.486Z",
      "modified": "2020-04-12T03:32:00.486Z",
      "is_removed": false,
      "start": null,
      "finish": null,
      "gathering": 4,
      "team": null,
      "attending": 5,
      "character": 4,
      "free": 1,
      "category": "scheduled",
      "display_order": 0,
      "infos": {}
    }
  },
  {
    "model": "occasions.attendance",
    "pk": 7,
    "fields": {
      "created": "2020-04-12T03:33:04.131Z",
      "modified": "2020-04-12T03:33:04.131Z",
      "is_removed": false,
      "start": null,
      "finish": null,
      "gathering": 5,
      "team": null,
      "attending": 6,
      "character": 7,
      "free": 0,
      "category": "scheduled",
      "display_order": 0,
      "infos": {}
    }
  },
  {
    "model": "occasions.attendance",
    "pk": 8,
    "fields": {
      "created": "2020-04-19T13:14:25.071Z",
      "modified": "2020-04-21T03:14:52.482Z",
      "is_removed": false,
      "start": null,
      "finish": null,
      "gathering": 3,
      "team": null,
      "attending": 7,
      "character": 6,
      "free": 0,
      "category": "scheduled",
      "display_order": 0,
      "infos": {}
    }
  },
  {
    "model": "occasions.attendance",
    "pk": 9,
    "fields": {
      "created": "2020-04-21T05:09:48.320Z",
      "modified": "2020-04-21T05:09:48.320Z",
      "is_removed": false,
      "start": null,
      "finish": null,
      "gathering": 6,
      "team": null,
      "attending": 8,
      "character": 8,
      "free": 0,
      "category": "scheduled",
      "display_order": 0,
      "infos": {}
    }
  },
  {
    "model": "auth.group",
    "pk": 0,
    "fields": {
      "name": "d7c8Fd_cfcc_non_existing_group",
      "permissions": []
    }
  },
  {
    "model": "auth.group",
    "pk": 1,
    "fields": {
      "name": "d7c8Fd_cfcc_children_organizer",
      "permissions": [
        25,
        26,
        27,
        28,
        29,
        30,
        31,
        32,
        69,
        70,
        71,
        72,
        181,
        182,
        183,
        184,
        185,
        186,
        187,
        188,
        193,
        194,
        195,
        196,
        189,
        190,
        191,
        192,
        153,
        154,
        155,
        156,
        173,
        174,
        175,
        176,
        165,
        166,
        167,
        168,
        169,
        170,
        171,
        172,
        137,
        138,
        139,
        140,
        149,
        150,
        151,
        152,
        177,
        178,
        179,
        180,
        141,
        142,
        143,
        144,
        161,
        162,
        163,
        164,
        145,
        146,
        147,
        148,
        157,
        158,
        159,
        160,
        73,
        74,
        75,
        76,
        77,
        78,
        79,
        80,
        81,
        82,
        83,
        84,
        85,
        86,
        87,
        88,
        89,
        90,
        91,
        92,
        93,
        94,
        95,
        96,
        97,
        98,
        99,
        100,
        117,
        118,
        119,
        120,
        121,
        122,
        123,
        124,
        113,
        114,
        115,
        116,
        109,
        110,
        111,
        112,
        125,
        126,
        127,
        128,
        133,
        134,
        135,
        136,
        129,
        130,
        131,
        132
      ]
    }
  },
  {
    "model": "auth.group",
    "pk": 2,
    "fields": {
      "name": "d7c8Fd_cfcc_children_coworker",
      "permissions": [
        69,
        70,
        71,
        72,
        181,
        182,
        184,
        185,
        186,
        187,
        188,
        193,
        194,
        195,
        196,
        189,
        190,
        192,
        153,
        154,
        155,
        156,
        173,
        174,
        176,
        165,
        166,
        168,
        169,
        170,
        172,
        137,
        138,
        139,
        140,
        149,
        150,
        151,
        152,
        177,
        178,
        179,
        180,
        141,
        142,
        143,
        144,
        161,
        162,
        163,
        164,
        145,
        146,
        147,
        148,
        157,
        158,
        160,
        97,
        98,
        100,
        117,
        118,
        119,
        120,
        121,
        122,
        124,
        113,
        114,
        116,
        109,
        112,
        125,
        126,
        128,
        133,
        134,
        135,
        136,
        129,
        130,
        131,
        132
      ]
    }
  },
  {
    "model": "auth.group",
    "pk": 3,
    "fields": {
      "name": "d7c8Fd_cfcc_organization_participant",
      "permissions": [
        25,
        26,
        28,
        29,
        184,
        185,
        186,
        188,
        193,
        194,
        196,
        153,
        154,
        156,
        149,
        177,
        180,
        141,
        142,
        144,
        161,
        162,
        164,
        145,
        157,
        158,
        160,
        76,
        117,
        118,
        120,
        124,
        128,
        136,
        132
      ]
    }
  },
  {
    "model": "users.menuauthgroup",
    "pk": 1,
    "fields": {
      "created": "2020-04-13T15:11:53.264Z",
      "modified": "2020-04-13T15:11:53.264Z",
      "is_removed": false,
      "auth_group": 1,
      "read": true,
      "write": true,
      "menu": 1
    }
  },
  {
    "model": "users.menuauthgroup",
    "pk": 2,
    "fields": {
      "created": "2020-04-13T15:11:53.265Z",
      "modified": "2020-04-13T15:11:53.265Z",
      "is_removed": false,
      "auth_group": 2,
      "read": true,
      "write": true,
      "menu": 1
    }
  },
  {
    "model": "users.menuauthgroup",
    "pk": 3,
    "fields": {
      "created": "2020-04-13T15:11:53.265Z",
      "modified": "2020-04-13T15:11:53.265Z",
      "is_removed": false,
      "auth_group": 3,
      "read": true,
      "write": false,
      "menu": 1
    }
  },
  {
    "model": "users.menuauthgroup",
    "pk": 4,
    "fields": {
      "created": "2020-04-13T15:12:19.422Z",
      "modified": "2020-04-13T15:12:19.422Z",
      "is_removed": false,
      "auth_group": 1,
      "read": true,
      "write": true,
      "menu": 3
    }
  },
  {
    "model": "users.menuauthgroup",
    "pk": 5,
    "fields": {
      "created": "2020-04-13T15:12:19.422Z",
      "modified": "2020-04-13T15:12:19.422Z",
      "is_removed": false,
      "auth_group": 2,
      "read": true,
      "write": true,
      "menu": 3
    }
  },
  {
    "model": "users.menuauthgroup",
    "pk": 6,
    "fields": {
      "created": "2020-04-13T15:12:19.423Z",
      "modified": "2020-04-13T15:12:19.423Z",
      "is_removed": false,
      "auth_group": 3,
      "read": true,
      "write": false,
      "menu": 3
    }
  },
  {
    "model": "users.menuauthgroup",
    "pk": 7,
    "fields": {
      "created": "2020-04-13T15:12:40.982Z",
      "modified": "2020-04-13T15:12:40.982Z",
      "is_removed": false,
      "auth_group": 1,
      "read": true,
      "write": true,
      "menu": 2
    }
  },
  {
    "model": "users.menuauthgroup",
    "pk": 8,
    "fields": {
      "created": "2020-04-13T15:12:40.983Z",
      "modified": "2020-04-13T15:12:40.983Z",
      "is_removed": false,
      "auth_group": 2,
      "read": true,
      "write": true,
      "menu": 2
    }
  },
  {
    "model": "users.menuauthgroup",
    "pk": 9,
    "fields": {
      "created": "2020-04-13T15:13:27.598Z",
      "modified": "2020-04-13T15:13:27.598Z",
      "is_removed": false,
      "auth_group": 1,
      "read": true,
      "write": true,
      "menu": 4
    }
  },
  {
    "model": "users.menuauthgroup",
    "pk": 10,
    "fields": {
      "created": "2020-04-13T15:13:27.599Z",
      "modified": "2020-04-13T15:13:27.599Z",
      "is_removed": false,
      "auth_group": 2,
      "read": true,
      "write": true,
      "menu": 4
    }
  },
  {
    "model": "users.menuauthgroup",
    "pk": 11,
    "fields": {
      "created": "2020-04-13T15:13:27.599Z",
      "modified": "2020-04-13T15:13:27.599Z",
      "is_removed": false,
      "auth_group": 3,
      "read": true,
      "write": false,
      "menu": 4
    }
  },
  {
    "model": "users.menuauthgroup",
    "pk": 12,
    "fields": {
      "created": "2020-04-13T15:13:46.035Z",
      "modified": "2020-04-13T15:13:46.035Z",
      "is_removed": false,
      "auth_group": 1,
      "read": true,
      "write": true,
      "menu": 5
    }
  },
  {
    "model": "users.menuauthgroup",
    "pk": 13,
    "fields": {
      "created": "2020-04-13T15:13:46.035Z",
      "modified": "2020-04-13T15:13:46.035Z",
      "is_removed": false,
      "auth_group": 2,
      "read": true,
      "write": true,
      "menu": 5
    }
  },
  {
    "model": "users.menuauthgroup",
    "pk": 14,
    "fields": {
      "created": "2020-04-13T15:13:46.036Z",
      "modified": "2020-04-13T15:13:46.036Z",
      "is_removed": false,
      "auth_group": 3,
      "read": true,
      "write": true,
      "menu": 5
    }
  },
  {
    "model": "users.menuauthgroup",
    "pk": 15,
    "fields": {
      "created": "2020-04-13T15:15:18.103Z",
      "modified": "2020-04-13T15:15:18.103Z",
      "is_removed": false,
      "auth_group": 1,
      "read": true,
      "write": true,
      "menu": 6
    }
  },
  {
    "model": "users.menuauthgroup",
    "pk": 16,
    "fields": {
      "created": "2020-04-13T15:15:18.103Z",
      "modified": "2020-04-13T15:15:18.103Z",
      "is_removed": false,
      "auth_group": 2,
      "read": true,
      "write": true,
      "menu": 6
    }
  },
  {
    "model": "users.menuauthgroup",
    "pk": 17,
    "fields": {
      "created": "2020-04-15T01:34:48.010Z",
      "modified": "2020-04-15T01:34:48.010Z",
      "is_removed": false,
      "auth_group": 1,
      "read": true,
      "write": true,
      "menu": 7
    }
  },
  {
    "model": "users.menuauthgroup",
    "pk": 18,
    "fields": {
      "created": "2020-04-15T01:34:48.010Z",
      "modified": "2020-04-15T01:34:48.010Z",
      "is_removed": false,
      "auth_group": 2,
      "read": true,
      "write": true,
      "menu": 7
    }
  },
  {
    "model": "users.menuauthgroup",
    "pk": 23,
    "fields": {
      "created": "2020-04-17T16:56:21.304Z",
      "modified": "2020-04-17T16:56:21.304Z",
      "is_removed": false,
      "auth_group": 1,
      "read": true,
      "write": false,
      "menu": 10
    }
  },
  {
    "model": "users.menuauthgroup",
    "pk": 24,
    "fields": {
      "created": "2020-04-17T16:56:21.304Z",
      "modified": "2020-04-17T16:56:21.304Z",
      "is_removed": false,
      "auth_group": 2,
      "read": true,
      "write": false,
      "menu": 10
    }
  },
  {
    "model": "users.menuauthgroup",
    "pk": 25,
    "fields": {
      "created": "2020-04-17T16:58:47.219Z",
      "modified": "2020-04-17T16:58:47.219Z",
      "is_removed": false,
      "auth_group": 1,
      "read": true,
      "write": false,
      "menu": 11
    }
  },
  {
    "model": "users.menuauthgroup",
    "pk": 26,
    "fields": {
      "created": "2020-04-17T16:58:47.219Z",
      "modified": "2020-04-17T16:58:47.219Z",
      "is_removed": false,
      "auth_group": 2,
      "read": true,
      "write": false,
      "menu": 11
    }
  },
  {
    "model": "whereabouts.division",
    "pk": 1,
    "fields": {
      "created": "2020-04-11T18:17:41.693Z",
      "modified": "2020-04-26T02:24:46.054Z",
      "is_removed": false,
      "organization": 1,
      "display_name": "\u4e2d\u6587\u90e8",
      "slug": "cfcc-chinese-ministry",
      "audience_auth_group": 0
    }
  },
  {
    "model": "whereabouts.division",
    "pk": 2,
    "fields": {
      "created": "2020-04-11T18:17:56.729Z",
      "modified": "2020-04-26T02:24:52.639Z",
      "is_removed": false,
      "organization": 1,
      "display_name": "Crossing Ministry",
      "slug": "cfcc-crossing-ministry",
      "audience_auth_group": 0
    }
  },
  {
    "model": "whereabouts.division",
    "pk": 3,
    "fields": {
      "created": "2020-04-11T18:18:36.092Z",
      "modified": "2020-04-26T02:24:58.270Z",
      "is_removed": false,
      "organization": 1,
      "display_name": "Children Ministry",
      "slug": "cfcc-children-ministry",
      "audience_auth_group": 3
    }
  },
  {
    "model": "whereabouts.division",
    "pk": 4,
    "fields": {
      "created": "2020-04-11T18:19:02.081Z",
      "modified": "2020-04-11T18:19:02.081Z",
      "is_removed": false,
      "organization": 2,
      "display_name": "\u6c38\u6046\u656c\u62dc",
      "slug": "ever-worship",
      "audience_auth_group": 0
    }
  },
  {
    "model": "persons.attendee",
    "pk": 1,
    "fields": {
      "created": "2020-04-11T19:31:50.659Z",
      "modified": "2020-04-12T02:35:56.322Z",
      "is_removed": false,
      "user": 1,
      "first_name": "superuser1",
      "last_name": "system admin1",
      "first_name2": null,
      "last_name2": null,
      "gender": "MALE",
      "actual_birthday": null,
      "estimated_birthday": null,
      "progressions": {
        "belief": "believer",
        "baptized": {
          "time": "12/31/2099",
          "place": "SF, CA"
        }
      },
      "infos": {
        "public_name": "root"
      }
    }
  },
  {
    "model": "persons.attendee",
    "pk": 2,
    "fields": {
      "created": "2020-04-11T19:32:19.822Z",
      "modified": "2020-04-19T12:57:27.231Z",
      "is_removed": false,
      "user": 2,
      "first_name": "\u590f\u7532",
      "last_name": "Hagar",
      "first_name2": null,
      "last_name2": null,
      "gender": "FEMALE",
      "actual_birthday": null,
      "estimated_birthday": null,
      "progressions": {
        "belief": "believer"
      },
      "infos": {}
    }
  },
  {
    "model": "persons.attendee",
    "pk": 3,
    "fields": {
      "created": "2020-04-11T19:33:26.486Z",
      "modified": "2020-04-12T02:37:31.903Z",
      "is_removed": false,
      "user": null,
      "first_name": "\u4ee5\u5be6\u746a\u5229",
      "last_name": "Ishmael",
      "first_name2": null,
      "last_name2": null,
      "gender": "MALE",
      "actual_birthday": null,
      "estimated_birthday": "2010-02-04T22:58:32Z",
      "progressions": {
        "belief": "not sure"
      },
      "infos": {
        "allergy": "peanuts",
        "public_name": "\u5927\u5bf6"
      }
    }
  },
  {
    "model": "persons.attendee",
    "pk": 4,
    "fields": {
      "created": "2020-04-11T19:34:03.252Z",
      "modified": "2020-04-11T19:34:03.252Z",
      "is_removed": false,
      "user": null,
      "first_name": "John",
      "last_name": "\u7d04\u7ff0",
      "first_name2": null,
      "last_name2": null,
      "gender": "MALE",
      "actual_birthday": null,
      "estimated_birthday": null,
      "progressions": {},
      "infos": {
        "public_name": "\u4f7f\u5f92\u7d04\u7ff0"
      }
    }
  },
  {
    "model": "persons.attendee",
    "pk": 5,
    "fields": {
      "created": "2020-04-11T19:34:37.600Z",
      "modified": "2020-04-11T19:34:37.600Z",
      "is_removed": false,
      "user": null,
      "first_name": "\u4e9e\u6bd4\u8a72",
      "last_name": "Abigail",
      "first_name2": "\u4e9e\u6bd4\u8a72",
      "last_name2": null,
      "gender": "FEMALE",
      "actual_birthday": null,
      "estimated_birthday": null,
      "progressions": {},
      "infos": {
        "public_name": "\u8001\u59ca"
      }
    }
  },
  {
    "model": "persons.attendee",
    "pk": 6,
    "fields": {
      "created": "2020-04-11T19:35:12.234Z",
      "modified": "2020-04-11T19:35:12.234Z",
      "is_removed": false,
      "user": null,
      "first_name": "\u5e95\u6ce2\u62c9",
      "last_name": "Deborah",
      "first_name2": "\u5e95\u6ce2\u62c9",
      "last_name2": null,
      "gender": "FEMALE",
      "actual_birthday": null,
      "estimated_birthday": null,
      "progressions": {},
      "infos": {
        "public_name": "\u6230\u795e\u4e48\u4e48"
      }
    }
  },
  {
    "model": "persons.attendee",
    "pk": 7,
    "fields": {
      "created": "2020-04-11T19:35:34.990Z",
      "modified": "2020-04-11T19:35:34.990Z",
      "is_removed": false,
      "user": null,
      "first_name": "Elizabeth",
      "last_name": "\u4ee5\u5229\u6c99\u4f2f",
      "first_name2": null,
      "last_name2": null,
      "gender": "FEMALE",
      "actual_birthday": null,
      "estimated_birthday": null,
      "progressions": {
        "belief": "judge"
      },
      "infos": {}
    }
  },
  {
    "model": "persons.attendee",
    "pk": 8,
    "fields": {
      "created": "2020-04-11T19:36:20.422Z",
      "modified": "2020-04-11T19:36:20.422Z",
      "is_removed": false,
      "user": null,
      "first_name": null,
      "last_name": "\u9a62\u5b50",
      "first_name2": null,
      "last_name2": null,
      "gender": "UNSPECIFIED",
      "actual_birthday": null,
      "estimated_birthday": null,
      "progressions": {},
      "infos": {}
    }
  },
  {
    "model": "persons.attendee",
    "pk": 9,
    "fields": {
      "created": "2020-04-11T19:36:42.735Z",
      "modified": "2020-04-11T19:36:42.735Z",
      "is_removed": false,
      "user": null,
      "first_name": "\u4ee5\u65af\u5e16",
      "last_name": "Esther",
      "first_name2": null,
      "last_name2": null,
      "gender": "FEMALE",
      "actual_birthday": null,
      "estimated_birthday": null,
      "progressions": {},
      "infos": {
        "public_name": "\u7687\u540e"
      }
    }
  },
  {
    "model": "persons.attendee",
    "pk": 10,
    "fields": {
      "created": "2020-04-11T19:37:15.410Z",
      "modified": "2020-04-11T19:37:15.410Z",
      "is_removed": false,
      "user": null,
      "first_name": "\u53c3\u5b6b",
      "last_name": "Samson",
      "first_name2": "\u53c3\u5b6b",
      "last_name2": null,
      "gender": "MALE",
      "actual_birthday": null,
      "estimated_birthday": null,
      "progressions": {},
      "infos": {
        "public_name": "\u5f1f\u5144"
      }
    }
  },
  {
    "model": "persons.attendee",
    "pk": 11,
    "fields": {
      "created": "2020-04-11T19:37:45.378Z",
      "modified": "2020-04-12T02:38:10.671Z",
      "is_removed": false,
      "user": null,
      "first_name": "Lydia",
      "last_name": "\u5442\u5e95\u4e9e",
      "first_name2": null,
      "last_name2": null,
      "gender": "FEMALE",
      "actual_birthday": null,
      "estimated_birthday": null,
      "progressions": {
        "belief": "baptized"
      },
      "infos": {
        "other_name": "\u63a8\u96c5\u63a8\u5587\u7684\u5442\u5e95\u4e9e"
      }
    }
  },
  {
    "model": "persons.attendee",
    "pk": 12,
    "fields": {
      "created": "2020-04-11T19:38:00.844Z",
      "modified": "2020-04-12T02:39:24.365Z",
      "is_removed": false,
      "user": null,
      "first_name": "Isaac",
      "last_name": "\u4ee5\u6492",
      "first_name2": null,
      "last_name2": null,
      "gender": "MALE",
      "actual_birthday": null,
      "estimated_birthday": null,
      "progressions": {},
      "infos": {}
    }
  },
  {
    "model": "persons.attendee",
    "pk": 13,
    "fields": {
      "created": "2020-04-11T19:38:16.323Z",
      "modified": "2020-04-12T02:38:37.916Z",
      "is_removed": false,
      "user": null,
      "first_name": "Abraham",
      "last_name": "\u4e9e\u4f2f\u62c9\u7f55",
      "first_name2": null,
      "last_name2": null,
      "gender": "MALE",
      "actual_birthday": null,
      "estimated_birthday": null,
      "progressions": {},
      "infos": {}
    }
  },
  {
    "model": "persons.attendee",
    "pk": 14,
    "fields": {
      "created": "2020-04-11T19:38:35.150Z",
      "modified": "2020-04-12T02:39:02.233Z",
      "is_removed": false,
      "user": null,
      "first_name": "Sarah",
      "last_name": "\u6492\u62c9",
      "first_name2": null,
      "last_name2": null,
      "gender": "FEMALE",
      "actual_birthday": null,
      "estimated_birthday": null,
      "progressions": {},
      "infos": {}
    }
  },
  {
    "model": "schedule.event",
    "pk": 1,
    "fields": {
      "start": "2020-02-09T18:00:00Z",
      "end": "2020-02-09T20:00:00Z",
      "title": "Kid Sunday School",
      "description": "",
      "creator": 1,
      "created_on": "2020-04-11T18:55:53.117Z",
      "updated_on": "2020-04-11T19:41:28.645Z",
      "rule": 1,
      "end_recurring_period": "2030-02-09T19:54:32Z",
      "calendar": 1,
      "color_event": "#000000"
    }
  }
]
